Handle,Title,Body (HTML),Vendor,Product Category,Type,Tags,Published,Option1 Name,Option1 Value,Option1 Linked To,Option2 Name,Option2 Value,Option2 Linked To,Option3 Name,Option3 Value,Option3 Linked To,Variant SKU,Variant Grams,Variant Inventory Tracker,Variant Inventory Policy,Variant Fulfillment Service,Variant Price,Variant Compare At Price,Variant Requires Shipping,Variant Taxable,Unit Price Total Measure,Unit Price Total Measure Unit,Unit Price Base Measure,Unit Price Base Measure Unit,Variant Barcode,Image Src,Image Position,Image Alt Text,Gift Card,SEO Title,SEO Description,Google Shopping / Google Product Category,Google Shopping / Gender,Google Shopping / Age Group,Google Shopping / MPN,Google Shopping / Condition,Google Shopping / Custom Product,Google Shopping / Custom Label 0,Google Shopping / Custom Label 1,Google Shopping / Custom Label 2,Google Shopping / Custom Label 3,Google Shopping / Custom Label 4,Preorder: enabled (product.metafields.custom.preorder_enabled),Product subtitle (product.metafields.descriptors.subtitle),Google: Custom Product (product.metafields.mm-google-shopping.custom_product),Product rating count (product.metafields.reviews.rating_count),Accessory size (product.metafields.shopify.accessory-size),Age group (product.metafields.shopify.age-group),Bag/Case material (product.metafields.shopify.bag-case-material),Carry options (product.metafields.shopify.carry-options),Color (product.metafields.shopify.color-pattern),Dog age group (product.metafields.shopify.dog-age-group),Dog toy type (product.metafields.shopify.dog-toy-type),Embellishment/Trim material (product.metafields.shopify.embellishment-trim-material),Fabric (product.metafields.shopify.fabric),Headwear features (product.metafields.shopify.headwear-features),Package type (product.metafields.shopify.package-type),Pet dietary requirements (product.metafields.shopify.pet-dietary-requirements),Pet food flavor (product.metafields.shopify.pet-food-flavor),Pet treat texture (product.metafields.shopify.pet-treat-texture),Pet treat type (product.metafields.shopify.pet-treat-type),Suitable for breed size (product.metafields.shopify.suitable-for-breed-size),Target gender (product.metafields.shopify.target-gender),Theme (product.metafields.shopify.theme),Toy/Game material (product.metafields.shopify.toy-game-material),Variant Image,Variant Weight Unit,Variant Tax Code,Cost per item,Status
mumbies-wood-chew,Original Chew,"<p>When your dog makes a beeline for a stick outside, it’s hard to know if they’re harmful to their health. Mumbies coffee tree wood chews are dense, break down slowly, and are highly-resistant to cracking and splintering. They allow your dog feed their natural desire to gnaw and chew without all the bad stuff.</p>",Mumbies,Animals & Pet Supplies > Pet Supplies > Dog Supplies > Dog Toys,Chew Toy,"",true,Size,XS,,Bundle,Single Unit,,,,,MWC-XS,58.9670081,shopify,deny,manual,8.95,,true,true,,,,,'5065021784310,https://cdn.shopify.com/s/files/1/0771/6913/1816/files/Mumbies_ProductListing-OGChews-1.jpg?v=1741314663,1,"",false,Mumbies Original Coffee Wood Chew for Dogs,"Made from non-toxic coffee tree wood, Mumbies chews are dense and break down slowly. They allow your dog to feed that desire to chew on sticks with minimal concern of splinters due to the hardness of the wood and tightly packed fibers within. Mumbies are good for your dog and the planet!  ",,unisex,adult,,new,FALSE,,,,,,FALSE,ALL-NATURAL COFFEE WOOD CHEW TOY FOR DOGS,FALSE,'227,,,,,,adult; senior; junior,aggressive-chewer; chew; training,,,,,,,,,small; large; medium,,,wood,https://cdn.shopify.com/s/files/1/0771/6913/1816/files/Mumbies_ProductListing_XS.jpg?v=1760658297,lb,,1.05,active
mumbies-wood-chew,,,,,,,,,XS,,,5-Pack,,,,,MWC-XS-5PACK,58.9670081,shopify,deny,manual,42.51,44.75,true,true,,,,,"",https://cdn.shopify.com/s/files/1/0771/6913/1816/files/DSC_1959.jpg?v=1761567120,2,"",,,,,,,,,,,,,,,,,,,,,,,,,,,,,,,,,,,,,,https://cdn.shopify.com/s/files/1/0771/6913/1816/files/Mumbies_ProductListing_XS5Pack.jpg?v=1760658316,lb,,5.25,
mumbies-wood-chew,,,,,,,,,XS,,,10-Pack,,,,,MWC-XS-10PACK,58.9670081,shopify,deny,manual,76.08,89.50,true,true,,,,,"",https://cdn.shopify.com/s/files/1/0771/6913/1816/files/Mumbies_OriginalChew_Flatlay.png?v=1741314663,3,"",,,,,,,,,,,,,,,,,,,,,,,,,,,,,,,,,,,,,,https://cdn.shopify.com/s/files/1/0771/6913/1816/files/Mumbies_ProductListing-OGChews-1.jpg?v=1741314663,lb,,10.50,
mumbies-wood-chew,,,,,,,,,Small,,,Single Unit,,,,,MWC-SMALL,58.9670081,shopify,deny,manual,10.95,,true,true,,,,,'5070002584605,https://cdn.shopify.com/s/files/1/0771/6913/1816/files/Mumbies_ProductListing-OGChews-S.jpg?v=1741314663,4,"",,,,,,,,,,,,,,,,,,,,,,,,,,,,,,,,,,,,,,https://cdn.shopify.com/s/files/1/0771/6913/1816/files/Mumbies_ProductListing-OGChews-3-S.jpg?v=1741314994,lb,,1.20,
mumbies-wood-chew,,,,,,,,,Small,,,5-Pack,,,,,MWC-SMALL-5PACK,294.8350405,shopify,deny,manual,52.01,54.75,true,true,,,,,"",https://cdn.shopify.com/s/files/1/0771/6913/1816/files/Mumbies_ProductListing-OGChews-M.jpg?v=1741314663,5,"",,,,,,,,,,,,,,,,,,,,,,,,,,,,,,,,,,,,,,https://cdn.shopify.com/s/files/1/0771/6913/1816/files/Mumbies_ProductListingTALL_FreeRoot-Small_e842527b-72e1-41c2-9653-1ba236926533.jpg?v=1761587490,lb,,0.81,
mumbies-wood-chew,,,,,,,,,Small,,,10-Pack,,,,,MWC-SMALL-10PACK,680.388555,shopify,deny,manual,93.07,109.50,true,true,,,,,"",https://cdn.shopify.com/s/files/1/0771/6913/1816/files/Mumbies_ProductListing-OGChews-L.jpg?v=1741314663,6,"",,,,,,,,,,,,,,,,,,,,,,,,,,,,,,,,,,,,,,https://cdn.shopify.com/s/files/1/0771/6913/1816/files/Mumbies_ProductListing-10Pack-S.jpg?v=1741315321,lb,,0.81,
mumbies-wood-chew,,,,,,,,,Medium,,,Single Unit,,,,,MWC-MEDIUM,117.9340162,shopify,deny,manual,14.49,,true,true,,,,,'5070002584612,https://cdn.shopify.com/s/files/1/0771/6913/1816/files/Mumbies_ProductListing-OGChews-XL.jpg?v=1741314663,7,"",,,,,,,,,,,,,,,,,,,,,,,,,,,,,,,,,,,,,,https://cdn.shopify.com/s/files/1/0771/6913/1816/files/Mumbies_ProductListing-OGChews-3-M.jpg?v=1741314994,lb,,1.07,
mumbies-wood-chew,,,,,,,,,Medium,,,5-Pack,,,,,MWC-MEDIUM-5PACK,589.670081,shopify,deny,manual,68.82,72.45,true,true,,,,,"",https://cdn.shopify.com/s/files/1/0771/6913/1816/files/Mumbies_ProductListing-OGChews-XXL.jpg?v=1741314663,8,"",,,,,,,,,,,,,,,,,,,,,,,,,,,,,,,,,,,,,,https://cdn.shopify.com/s/files/1/0771/6913/1816/files/Mumbies_ProductListingTALL_FreeRoot-Medium.jpg?v=1761587508,lb,,0.81,
mumbies-wood-chew,,,,,,,,,Medium,,,10-Pack,,,,,MWC-MEDIUM-10PACK,1179.340162,shopify,continue,manual,123.16,144.90,true,true,,,,,"",https://cdn.shopify.com/s/files/1/0771/6913/1816/files/MumbiesCommunity_BJ_Appapt2.heic?v=1741314663,9,"",,,,,,,,,,,,,,,,,,,,,,,,,,,,,,,,,,,,,,https://cdn.shopify.com/s/files/1/0771/6913/1816/files/Mumbies_ProductListing-10Pack-M.jpg?v=1741315321,lb,,0.81,
mumbies-wood-chew,,,,,,,,,Large,,,Single Unit,,,,,MWC-LARGE,276.6913457,shopify,deny,manual,17.95,,true,true,,,,,'5070002584629,https://cdn.shopify.com/s/files/1/0771/6913/1816/files/MumbiesCommunity_JakeB_Wallypt3.jpg?v=1741314663,10,"",,,,,,,,,,,,,,,,,,,,,,,,,,,,,,,,,,,,,,https://cdn.shopify.com/s/files/1/0771/6913/1816/files/Mumbies_ProductListing-OGChews-3-L.jpg?v=1741314994,lb,,1.67,
mumbies-wood-chew,,,,,,,,,Large,,,5-Pack,,,,,MWC-LARGE-5PACK,1383.4567285,shopify,deny,manual,85.26,89.75,true,true,,,,,"",https://cdn.shopify.com/s/files/1/0771/6913/1816/files/MumbiesCommunity_KendylW_WinstonW-4.jpg?v=1744733631,11,"",,,,,,,,,,,,,,,,,,,,,,,,,,,,,,,,,,,,,,https://cdn.shopify.com/s/files/1/0771/6913/1816/files/Mumbies_ProductListingTALL_FreeRoot-Large.jpg?v=1761587526,lb,,0.81,
mumbies-wood-chew,,,,,,,,,Large,,,10-Pack,,,,,MWC-LARGE-10PACK,2766.913457,shopify,continue,manual,152.57,179.50,true,true,,,,,"",https://cdn.shopify.com/s/files/1/0771/6913/1816/files/437723955_1836789076744262_7141804566407520696_n.jpg?v=1761567120,12,"",,,,,,,,,,,,,,,,,,,,,,,,,,,,,,,,,,,,,,https://cdn.shopify.com/s/files/1/0771/6913/1816/files/Mumbies_ProductListing-10Pack-L.jpg?v=1741315321,lb,,0.81,
mumbies-wood-chew,,,,,,,,,XL,,,Single Unit,,,,,MWC-XLARGE,544.310844,shopify,deny,manual,19.49,,true,true,,,,,'5070002584636,https://cdn.shopify.com/s/files/1/0771/6913/1816/files/Mumbies_ProductListing-OGChews-3-S.jpg?v=1741314994,13,"",,,,,,,,,,,,,,,,,,,,,,,,,,,,,,,,,,,,,,https://cdn.shopify.com/s/files/1/0771/6913/1816/files/Mumbies_ProductListing-OGChews-3-XL.jpg?v=1741314994,lb,,2.44,
mumbies-wood-chew,,,,,,,,,XL,,,5-Pack,,,,,MWC-XL-5PACK,2721.55422,shopify,continue,manual,92.57,97.45,true,true,,,,,"",https://cdn.shopify.com/s/files/1/0771/6913/1816/files/Mumbies_ProductListing-OGChews-3-M.jpg?v=1741314994,14,"",,,,,,,,,,,,,,,,,,,,,,,,,,,,,,,,,,,,,,https://cdn.shopify.com/s/files/1/0771/6913/1816/files/Mumbies_ProductListingTALL_FreeRoot-XL.jpg?v=1761587547,lb,,0.81,
mumbies-wood-chew,,,,,,,,,XL,,,10-Pack,,,,,MWC-XL-10PACK,5443.10844,shopify,continue,manual,165.66,194.90,true,true,,,,,"",https://cdn.shopify.com/s/files/1/0771/6913/1816/files/Mumbies_ProductListing-OGChews-3-L.jpg?v=1741314994,15,"",,,,,,,,,,,,,,,,,,,,,,,,,,,,,,,,,,,,,,https://cdn.shopify.com/s/files/1/0771/6913/1816/files/Mumbies_ProductListing-10Pack-XL.jpg?v=1741315321,lb,,0.81,
mumbies-wood-chew,,,,,,,,,XXL,,,Single Unit,,,,,MWC-XXL,907.18474,shopify,deny,manual,21.95,,true,true,,,,,'5070002584643,https://cdn.shopify.com/s/files/1/0771/6913/1816/files/Mumbies_ProductListing-OGChews-3-XL.jpg?v=1741314994,16,"",,,,,,,,,,,,,,,,,,,,,,,,,,,,,,,,,,,,,,https://cdn.shopify.com/s/files/1/0771/6913/1816/files/Mumbies_ProductListing-OGChews-3-XXL.jpg?v=1741314994,lb,,1.65,
mumbies-wood-chew,,,,,,,,,XXL,,,5-Pack,,,,,MWC-XXL-5PACK,4762.719885,shopify,deny,manual,104.26,109.75,true,true,,,,,"",https://cdn.shopify.com/s/files/1/0771/6913/1816/files/Mumbies_ProductListing-OGChews-3-XXL.jpg?v=1741314994,17,"",,,,,,,,,,,,,,,,,,,,,,,,,,,,,,,,,,,,,,https://cdn.shopify.com/s/files/1/0771/6913/1816/files/Mumbies_ProductListingTALL_FreeRoot-XXL.jpg?v=1761587564,lb,,0.81,
mumbies-wood-chew,,,,,,,,,XXL,,,10-Pack,,,,,MWC-XXL-10PACK,9071.8474,shopify,continue,manual,186.57,219.50,true,true,,,,,"",https://cdn.shopify.com/s/files/1/0771/6913/1816/files/Mumbies_ProductListing-10Pack-L.jpg?v=1741315321,18,"",,,,,,,,,,,,,,,,,,,,,,,,,,,,,,,,,,,,,,https://cdn.shopify.com/s/files/1/0771/6913/1816/files/Mumbies_ProductListing-10Pack-XXL.jpg?v=1741315321,lb,,0.81,
mumbies-wood-chew,,,,,,,,,Variety Pack,,,Variety Pack - All Sizes,,,,,MWC-VARIETY-AC,2041.165665,shopify,continue,manual,84.40,93.78,true,true,,,,,"",https://cdn.shopify.com/s/files/1/0771/6913/1816/files/Mumbies_ProductListing-10Pack-M.jpg?v=1741315321,19,"",,,,,,,,,,,,,,,,,,,,,,,,,,,,,,,,,,,,,,https://cdn.shopify.com/s/files/1/0771/6913/1816/files/Mumbies_OriginalChew-VarietyPackwithXS.webp?v=1761249751,lb,,5.99,
mumbies-wood-chew,,,,,,,,,,,,,,,,,,,,,,,,,,,,,,,https://cdn.shopify.com/s/files/1/0771/6913/1816/files/Mumbies_ProductListing-10Pack-S.jpg?v=1741315321,20,"",,,,,,,,,,,,,,,,,,,,,,,,,,,,,,,,,,,,,,,,,,
mumbies-wood-chew,,,,,,,,,,,,,,,,,,,,,,,,,,,,,,,https://cdn.shopify.com/s/files/1/0771/6913/1816/files/Mumbies_ProductListing-10Pack-XL.jpg?v=1741315321,21,"",,,,,,,,,,,,,,,,,,,,,,,,,,,,,,,,,,,,,,,,,,
mumbies-wood-chew,,,,,,,,,,,,,,,,,,,,,,,,,,,,,,,https://cdn.shopify.com/s/files/1/0771/6913/1816/files/Mumbies_ProductListing-10Pack-XXL.jpg?v=1741315321,22,"",,,,,,,,,,,,,,,,,,,,,,,,,,,,,,,,,,,,,,,,,,
mumbies-wood-chew,,,,,,,,,,,,,,,,,,,,,,,,,,,,,,,https://cdn.shopify.com/s/files/1/0771/6913/1816/files/Mumbies_ProductListing_XS.jpg?v=1760658297,23,"",,,,,,,,,,,,,,,,,,,,,,,,,,,,,,,,,,,,,,,,,,
mumbies-wood-chew,,,,,,,,,,,,,,,,,,,,,,,,,,,,,,,https://cdn.shopify.com/s/files/1/0771/6913/1816/files/Mumbies_ProductListing_XS5Pack.jpg?v=1760658316,24,"",,,,,,,,,,,,,,,,,,,,,,,,,,,,,,,,,,,,,,,,,,
mumbies-wood-chew,,,,,,,,,,,,,,,,,,,,,,,,,,,,,,,https://cdn.shopify.com/s/files/1/0771/6913/1816/files/Mumbies_OriginalChew-VarietyPackwithXS.webp?v=1761249751,25,"",,,,,,,,,,,,,,,,,,,,,,,,,,,,,,,,,,,,,,,,,,
mumbies-wood-chew,,,,,,,,,,,,,,,,,,,,,,,,,,,,,,,https://cdn.shopify.com/s/files/1/0771/6913/1816/files/Mumbies_ProductListingTALL_FreeRoot-Small_e842527b-72e1-41c2-9653-1ba236926533.jpg?v=1761587490,26,"",,,,,,,,,,,,,,,,,,,,,,,,,,,,,,,,,,,,,,,,,,
mumbies-wood-chew,,,,,,,,,,,,,,,,,,,,,,,,,,,,,,,https://cdn.shopify.com/s/files/1/0771/6913/1816/files/Mumbies_ProductListingTALL_FreeRoot-Medium.jpg?v=1761587508,27,"",,,,,,,,,,,,,,,,,,,,,,,,,,,,,,,,,,,,,,,,,,
mumbies-wood-chew,,,,,,,,,,,,,,,,,,,,,,,,,,,,,,,https://cdn.shopify.com/s/files/1/0771/6913/1816/files/Mumbies_ProductListingTALL_FreeRoot-Large.jpg?v=1761587526,28,"",,,,,,,,,,,,,,,,,,,,,,,,,,,,,,,,,,,,,,,,,,
mumbies-wood-chew,,,,,,,,,,,,,,,,,,,,,,,,,,,,,,,https://cdn.shopify.com/s/files/1/0771/6913/1816/files/Mumbies_ProductListingTALL_FreeRoot-XL.jpg?v=1761587547,29,"",,,,,,,,,,,,,,,,,,,,,,,,,,,,,,,,,,,,,,,,,,
mumbies-wood-chew,,,,,,,,,,,,,,,,,,,,,,,,,,,,,,,https://cdn.shopify.com/s/files/1/0771/6913/1816/files/Mumbies_ProductListingTALL_FreeRoot-XXL.jpg?v=1761587564,30,"",,,,,,,,,,,,,,,,,,,,,,,,,,,,,,,,,,,,,,,,,,
mumbies-variety-pack,Variety Packs,"<p>Not sure what size is best? Have a pack of pups? Giving Mumbies as a gift? Save up to 10% more when you buy a Variety Pack. Each bundle contains one of each of the following sizes:</p>
<h5><strong>MUMBIES WELCOME BOX (includes...)</strong></h5>
<ul>
<li>Original Chews - XS, <meta charset=""utf-8"">S, M, L, XL, XXL</li>
<li>Root Chews - S, M, L, XL, XXL</li>
<li>Rope w/ Original Chew - S, M, L, XL, XXL</li>
<li>Rope w/ Root Chew - S, M, L, XL, XXL</li>
<li>Coconut Rope Ball - <meta charset=""utf-8"">S, M, L, XL, XXL</li>
<li>Coconut Rope Ring - <meta charset=""utf-8"">S, M, L, XL, XXL</li>
<li>Coconut Rope Tug - <meta charset=""utf-8"">S, M, L, XL, XXL</li>
<li>Yummies Bison Liver - 1 Bag</li>
<li>Dog Love Sticker (1)</li>
<li>Mumbies Tote (1)</li>
<li>Mumbies Crewneck t-shirt (1 of chosen size)</li>
<li>Mumbies Snapback hat (1)</li>
</ul>
<h5><strong>MIX &amp; MATCH VARIETY PACKS</strong></h5>
<ul>
<li>All Size Original Chews (XS, S, M, L, XL, XXL)</li>
<li>All Size Root Chews (S, M, L, XL, XXL)</li>
<li>All Size Original Chew + Root Chew (S, M, L, XL, XXL)</li>
<li>All Size Original Chews + Coconut Rope &amp; Chew (S, M, L, XL, XXL)</li>
<li>All Size Original Chews + Coconut Rope &amp; Root (S, M, L, XL, XXL)</li>
<li>
<meta charset=""utf-8"">All Size Coconut Rope Ring (S, M, L, XL, XXL)</li>
<li>A<meta charset=""utf-8"">ll Size Coconut Rope Tug (S, M, L, XL, XXL)</li>
<li>A<meta charset=""utf-8"">ll Size Coconut Rope Ball (S, M, L, XL, XXL)</li>
</ul>
<p> </p>",Mumbies,Animals & Pet Supplies > Pet Supplies > Dog Supplies > Dog Toys,Chew Toy,"",true,Variety Pack Styles,All Size Original Chews,,,,,,,,MWC-VARIETY-AC,2041.165665,shopify,deny,manual,84.40,93.78,true,true,,,,,"",https://cdn.shopify.com/s/files/1/0771/6913/1816/files/Mumbies_ProductListing-WelcomeBox.png?v=1741472041,1,"",false,,"Not sure what size is best? Giving Mumbies as a gift? Choose the variety pack and receive one of each size to test out. Made from non-toxic coffee tree wood, these chews are dense and break down slowly. They allow your dog to feed that desire to chew on sticks with minimal concern.",,unisex,adult,,new,FALSE,,,,,,FALSE,TRY A VARIETY OF MUMBIES PRODUCTS,FALSE,'10,,,,,,adult; junior; senior,chew; rope,,,,,,,,,small; medium; large,,,wood; coconut,https://cdn.shopify.com/s/files/1/0771/6913/1816/files/Mumbies_Variety-Chews-2.jpg?v=1745080683,lb,,5.99,active
mumbies-variety-pack,,,,,,,,,All Size Root Chews,,,,,,,,MRC-VARIETY-AR,1587.573295,shopify,deny,manual,78.71,87.45,true,true,,,,,"",https://cdn.shopify.com/s/files/1/0771/6913/1816/files/Mumbies_ProductListing-VarietyChew_Root.png?v=1741472041,2,"",,,,,,,,,,,,,,,,,,,,,,,,,,,,,,,,,,,,,,https://cdn.shopify.com/s/files/1/0771/6913/1816/files/Mumbies_Variety-Root-7.jpg?v=1761567120,lb,,2.25,
mumbies-variety-pack,,,,,,,,,All Size Original Chew + Roots Chew,,,,,,,,MWCR-VARIETY-SAMPLER,3628.73896,shopify,deny,manual,155.05,172.28,true,true,,,,,"",https://cdn.shopify.com/s/files/1/0771/6913/1816/files/Mumbies_ProductListing-VarietyRoot_Rope.png?v=1741472041,3,"",,,,,,,,,,,,,,,,,,,,,,,,,,,,,,,,,,,,,,https://cdn.shopify.com/s/files/1/0771/6913/1816/files/Mumbies_ProductListing_Variety-Root_Chew-2.jpg?v=1745080685,lb,,5.99,
mumbies-variety-pack,,,,,,,,,All Size Original Chew + Coconut Rope & Chew,,,,,,,,MWCRC-VARIETY-ALL,2993.709642,shopify,deny,manual,146.88,163.20,true,true,,,,,"",https://cdn.shopify.com/s/files/1/0771/6913/1816/files/Mumbies_ProductListing-VarietyChew_Rope.png?v=1741472041,4,"",,,,,,,,,,,,,,,,,,,,,,,,,,,,,,,,,,,,,,https://cdn.shopify.com/s/files/1/0771/6913/1816/files/Mumbies_ProductListing_Variety-RopeChew_Chew.jpg?v=1745080685,lb,,5.99,
mumbies-variety-pack,,,,,,,,,All Size Root Chew + Coconut Rope & Root,,,,,,,,MWRRR-VARIETY-ALL,3039.068879,shopify,deny,manual,163.15,181.28,true,true,,,,,"",https://cdn.shopify.com/s/files/1/0771/6913/1816/files/Mumbies_products-19.jpg?v=1741472041,5,"",,,,,,,,,,,,,,,,,,,,,,,,,,,,,,,,,,,,,,https://cdn.shopify.com/s/files/1/0771/6913/1816/files/Mumbies_ProductListing_Variety-RopeRoot_Root-2.jpg?v=1745080685,lb,,5.99,
mumbies-variety-pack,,,,,,,,,All Size Coconut Rope & Chew,,,,,,,,MWCRC-VARIETY-ARC,2041.165665,shopify,deny,manual,70.53,78.37,true,true,,,,,"",https://cdn.shopify.com/s/files/1/0771/6913/1816/files/DSC_1923.jpg?v=1761567120,6,"",,,,,,,,,,,,,,,,,,,,,,,,,,,,,,,,,,,,,,https://cdn.shopify.com/s/files/1/0771/6913/1816/files/Mumbies_ProductListing_Variety-RopeWithChew.jpg?v=1761577237,lb,,5.99,
mumbies-variety-pack,,,,,,,,,All Size Coconut Rope & Root,,,,,,,,MWCRR-VARIETY-ARR,2041.165665,shopify,deny,manual,84.45,93.83,true,true,,,,,"",https://cdn.shopify.com/s/files/1/0771/6913/1816/files/Mumbies_products-22.jpg?v=1741472041,7,"",,,,,,,,,,,,,,,,,,,,,,,,,,,,,,,,,,,,,,https://cdn.shopify.com/s/files/1/0771/6913/1816/files/Mumbies_ProductListing_Variety-RopeWithRoot_e442d321-9403-43c4-b070-f8aa63f5b3f7.jpg?v=1761577237,lb,,5.99,
mumbies-variety-pack,,,,,,,,,All Size Coconut Rope Ball,,,,,,,,CRB-VARIETY-ALLSIZE,1587.573295,shopify,deny,manual,56.47,62.75,true,true,,,,,"",https://cdn.shopify.com/s/files/1/0771/6913/1816/files/Mumbies_products-17.jpg?v=1761567120,8,"",,,,,,,,,,,,,,,,,,,,,,,,,,,,,,,,,,,,,,https://cdn.shopify.com/s/files/1/0771/6913/1816/files/studioproductshoot2-13.png?v=1761567120,lb,,5.99,
mumbies-variety-pack,,,,,,,,,All Size Coconut Rope Ring,,,,,,,,CRR-VARIETY-ALLSIZE,2041.165665,shopify,deny,manual,78.07,86.75,true,true,,,,,"",https://cdn.shopify.com/s/files/1/0771/6913/1816/files/437723955_1836789076744262_7141804566407520696_n.jpg?v=1761567120,9,"",,,,,,,,,,,,,,,,,,,,,,,,,,,,,,,,,,,,,,https://cdn.shopify.com/s/files/1/0771/6913/1816/files/Mumbies_ProductListing_CocoRingVariety-1.jpg?v=1761567120,lb,,18.10,
mumbies-variety-pack,,,,,,,,,All Size Coconut Rope Tug,,,,,,,,CRT-VARIETY-ALLSIZE,2041.165665,shopify,deny,manual,72.67,80.75,true,true,,,,,"",https://cdn.shopify.com/s/files/1/0771/6913/1816/files/DSC_1959.jpg?v=1761567120,10,"",,,,,,,,,,,,,,,,,,,,,,,,,,,,,,,,,,,,,,https://cdn.shopify.com/s/files/1/0771/6913/1816/files/Mumbies_ProductListing_TugVarietyPack-1.jpg?v=1761567120,lb,,6.01,
mumbies-variety-pack,,,,,,,,,Mumbies Welcome Box,,,,,,,,VARIETY-WELCOME-1,6350.29318,shopify,deny,manual,556.94,696.18,true,true,,,,,"",https://cdn.shopify.com/s/files/1/0771/6913/1816/files/IMG_4096.jpg?v=1741472041,11,"",,,,,,,,,,,,,,,,,,,,,,,,,,,,,,,,,,,,,,https://cdn.shopify.com/s/files/1/0771/6913/1816/files/Mumbies_ProductListing_Variety-Welcome_Box.jpg?v=1761567120,lb,,5.99,
mumbies-variety-pack,,,,,,,,,,,,,,,,,,,,,,,,,,,,,,,https://cdn.shopify.com/s/files/1/0771/6913/1816/files/Mumbies_Products_Sept24-50_747e8878-3f59-4684-b14b-a0b279c5e3fc.png?v=1741472041,12,"",,,,,,,,,,,,,,,,,,,,,,,,,,,,,,,,,,,,,,,,,,
mumbies-variety-pack,,,,,,,,,,,,,,,,,,,,,,,,,,,,,,,https://cdn.shopify.com/s/files/1/0771/6913/1816/files/Mumbies_Variety-WelcomeBox.jpg?v=1744830023,13,"",,,,,,,,,,,,,,,,,,,,,,,,,,,,,,,,,,,,,,,,,,
mumbies-variety-pack,,,,,,,,,,,,,,,,,,,,,,,,,,,,,,,https://cdn.shopify.com/s/files/1/0771/6913/1816/files/Mumbies_Variety-Chews-2.jpg?v=1745080683,14,"",,,,,,,,,,,,,,,,,,,,,,,,,,,,,,,,,,,,,,,,,,
mumbies-variety-pack,,,,,,,,,,,,,,,,,,,,,,,,,,,,,,,https://cdn.shopify.com/s/files/1/0771/6913/1816/files/Mumbies_Variety-Root-7.jpg?v=1761567120,15,"",,,,,,,,,,,,,,,,,,,,,,,,,,,,,,,,,,,,,,,,,,
mumbies-variety-pack,,,,,,,,,,,,,,,,,,,,,,,,,,,,,,,https://cdn.shopify.com/s/files/1/0771/6913/1816/files/Mumbies_ProductListing_Variety-Root_Chew-1.jpg?v=1761577237,16,"",,,,,,,,,,,,,,,,,,,,,,,,,,,,,,,,,,,,,,,,,,
mumbies-variety-pack,,,,,,,,,,,,,,,,,,,,,,,,,,,,,,,https://cdn.shopify.com/s/files/1/0771/6913/1816/files/Mumbies_ProductListing_Variety-Root_Chew-2.jpg?v=1745080685,17,"",,,,,,,,,,,,,,,,,,,,,,,,,,,,,,,,,,,,,,,,,,
mumbies-variety-pack,,,,,,,,,,,,,,,,,,,,,,,,,,,,,,,https://cdn.shopify.com/s/files/1/0771/6913/1816/files/Mumbies_ProductListing_Variety-RopeChew_Chew.jpg?v=1745080685,18,"",,,,,,,,,,,,,,,,,,,,,,,,,,,,,,,,,,,,,,,,,,
mumbies-variety-pack,,,,,,,,,,,,,,,,,,,,,,,,,,,,,,,https://cdn.shopify.com/s/files/1/0771/6913/1816/files/Mumbies_ProductListing_Variety-RopeRoot_Root-1.jpg?v=1745080685,19,"",,,,,,,,,,,,,,,,,,,,,,,,,,,,,,,,,,,,,,,,,,
mumbies-variety-pack,,,,,,,,,,,,,,,,,,,,,,,,,,,,,,,https://cdn.shopify.com/s/files/1/0771/6913/1816/files/Mumbies_ProductListing_Variety-RopeRoot_Root-2.jpg?v=1745080685,20,"",,,,,,,,,,,,,,,,,,,,,,,,,,,,,,,,,,,,,,,,,,
mumbies-variety-pack,,,,,,,,,,,,,,,,,,,,,,,,,,,,,,,https://cdn.shopify.com/s/files/1/0771/6913/1816/files/Mumbies_Variety-Root_Chew-6.jpg?v=1745080685,21,"",,,,,,,,,,,,,,,,,,,,,,,,,,,,,,,,,,,,,,,,,,
mumbies-variety-pack,,,,,,,,,,,,,,,,,,,,,,,,,,,,,,,https://cdn.shopify.com/s/files/1/0771/6913/1816/files/Mumbies_Variety-Chews-1.jpg?v=1745080685,22,"",,,,,,,,,,,,,,,,,,,,,,,,,,,,,,,,,,,,,,,,,,
mumbies-variety-pack,,,,,,,,,,,,,,,,,,,,,,,,,,,,,,,https://cdn.shopify.com/s/files/1/0771/6913/1816/files/Mumbies_ProductListing_Variety-Welcome_Box.jpg?v=1761567120,23,"",,,,,,,,,,,,,,,,,,,,,,,,,,,,,,,,,,,,,,,,,,
mumbies-variety-pack,,,,,,,,,,,,,,,,,,,,,,,,,,,,,,,https://cdn.shopify.com/s/files/1/0771/6913/1816/files/Mumbies_ProductListing_Variety-RopeWithChew.jpg?v=1761577237,24,"",,,,,,,,,,,,,,,,,,,,,,,,,,,,,,,,,,,,,,,,,,
mumbies-variety-pack,,,,,,,,,,,,,,,,,,,,,,,,,,,,,,,https://cdn.shopify.com/s/files/1/0771/6913/1816/files/Mumbies_ProductListing_Variety-RopeWithRoot_e442d321-9403-43c4-b070-f8aa63f5b3f7.jpg?v=1761577237,25,"",,,,,,,,,,,,,,,,,,,,,,,,,,,,,,,,,,,,,,,,,,
mumbies-variety-pack,,,,,,,,,,,,,,,,,,,,,,,,,,,,,,,https://cdn.shopify.com/s/files/1/0771/6913/1816/files/Mumbies_ProductListing_CocoRingVariety-1.jpg?v=1761567120,26,"",,,,,,,,,,,,,,,,,,,,,,,,,,,,,,,,,,,,,,,,,,
mumbies-variety-pack,,,,,,,,,,,,,,,,,,,,,,,,,,,,,,,https://cdn.shopify.com/s/files/1/0771/6913/1816/files/Mumbies_ProductListing_TugVarietyPack-1.jpg?v=1761567120,27,"",,,,,,,,,,,,,,,,,,,,,,,,,,,,,,,,,,,,,,,,,,
mumbies-variety-pack,,,,,,,,,,,,,,,,,,,,,,,,,,,,,,,https://cdn.shopify.com/s/files/1/0771/6913/1816/files/studioproductshoot2-13.png?v=1761567120,28,"",,,,,,,,,,,,,,,,,,,,,,,,,,,,,,,,,,,,,,,,,,
mumbies-banadana,Mumbies Bandana,"<p><meta charset=""utf-8""><span style=""background-color: rgb(255, 255, 0);""><strong>NOT CURRENTLY AVAILABLE</strong></span></p>
<p><meta charset=""utf-8""><span>For the love of dogs is why we all do the things we do. Style you pup with purpose. This sleek FTLOD signature black bandana represents seeing the possibility in every dog. Made from 100% cotton, it can be worn by pups and their human companions.</span></p>",Mumbies,Apparel & Accessories,Merch,"",true,Title,Default Title,,,,,,,,MERCH-BANDANA-BW,45.359237,shopify,deny,manual,11.95,,true,true,,,,,"",https://cdn.shopify.com/s/files/1/0771/6913/1816/files/IMG_2024-06-06T02_49_06.126Z.png?v=1717642164,1,"",false,"Mumbies ""For the Love of Dogs"" Bandana",,166,,,,,,,,,,,,,,'1,,,,,black,,,,,,,,,,,,,,,,lb,,3.40,active
mumbies-banadana,,,,,,,,,,,,,,,,,,,,,,,,,,,,,,,https://cdn.shopify.com/s/files/1/0771/6913/1816/files/MumbiesCommunity_KelseyK_Mac_Bru-pt23.jpg?v=1717642612,2,"",,,,,,,,,,,,,,,,,,,,,,,,,,,,,,,,,,,,,,,,,,
mumbies-banadana,,,,,,,,,,,,,,,,,,,,,,,,,,,,,,,https://cdn.shopify.com/s/files/1/0771/6913/1816/files/MumbiesCommunity_KendylW_WinstonW-3.jpg?v=1717642412,3,"",,,,,,,,,,,,,,,,,,,,,,,,,,,,,,,,,,,,,,,,,,
mumbies-banadana,,,,,,,,,,,,,,,,,,,,,,,,,,,,,,,https://cdn.shopify.com/s/files/1/0771/6913/1816/files/MumbiesCommunity_BJ_Appapt2.heic?v=1741314663,4,"",,,,,,,,,,,,,,,,,,,,,,,,,,,,,,,,,,,,,,,,,,
mumbies-banadana,,,,,,,,,,,,,,,,,,,,,,,,,,,,,,,https://cdn.shopify.com/s/files/1/0771/6913/1816/files/MumbiesCommunity_BowWow.jpg?v=1717640253,5,"",,,,,,,,,,,,,,,,,,,,,,,,,,,,,,,,,,,,,,,,,,
mumbies-banadana,,,,,,,,,,,,,,,,,,,,,,,,,,,,,,,https://cdn.shopify.com/s/files/1/0771/6913/1816/files/Mumbies_ProductListing_MerchMockup-Bandanas_1.png?v=1749855021,6,"",,,,,,,,,,,,,,,,,,,,,,,,,,,,,,,,,,,,,,,,,,
mumbies-banadana,,,,,,,,,,,,,,,,,,,,,,,,,,,,,,,https://cdn.shopify.com/s/files/1/0771/6913/1816/files/Mumbies_Bandana_BandW.png?v=1749855021,7,"",,,,,,,,,,,,,,,,,,,,,,,,,,,,,,,,,,,,,,,,,,
mumbies-banadana,,,,,,,,,,,,,,,,,,,,,,,,,,,,,,,https://cdn.shopify.com/s/files/1/0771/6913/1816/files/IMG_5197.heic?v=1749855021,8,"",,,,,,,,,,,,,,,,,,,,,,,,,,,,,,,,,,,,,,,,,,
mumbies-banadana,,,,,,,,,,,,,,,,,,,,,,,,,,,,,,,https://cdn.shopify.com/s/files/1/0771/6913/1816/files/Mumbies_BWBandana_SinglePup.png?v=1749855021,9,"",,,,,,,,,,,,,,,,,,,,,,,,,,,,,,,,,,,,,,,,,,
mumbies-banadana,,,,,,,,,,,,,,,,,,,,,,,,,,,,,,,https://cdn.shopify.com/s/files/1/0771/6913/1816/files/Mumbies_BWBandana_TwoPups.png?v=1749855021,10,"",,,,,,,,,,,,,,,,,,,,,,,,,,,,,,,,,,,,,,,,,,
braided-coconut-rope-with-mumbies-chew,Coconut Rope & Original Chew,"<p> </p>
<ul>
<li>Variety packs are considered preorder.</li>
<li>Ships same or next business day.</li>
</ul>
<p><span style=""font-weight: 400;"">This is a fun and interactive rope toy made from 100% coconut husk fiber, while the wood chew in the center is 100% non-toxic coffee tree – same as our Original Mumbies Chew. This is best for moderate chewers as the rope is soft and the chews will be a little less dense than the Original Chew.</span></p>",Mumbies,Animals & Pet Supplies > Pet Supplies > Dog Supplies > Dog Toys,Chew Toy,"",true,Size,Small,,Bundle,Single Unit,,,,,BCRC-SMALL,22.6796185,shopify,deny,manual,10.49,,true,true,,,,,'5065021784006,https://cdn.shopify.com/s/files/1/0771/6913/1816/files/studio_product_shoot_2-19.png?v=1737259345,1,"",false,,,5010,,,,,,,,,,,,A NATURAL & INTERACTIVE CHEW TOY FOR DOGS,,'21,,,,,,adult,rope; chew; training; interactive,,,,,,,,,medium; large; small,,,wood,https://cdn.shopify.com/s/files/1/0771/6913/1816/files/Mumbies_ProductListing_Rope_Chew-Small.jpg?v=1745079161,lb,,0.75,active
braided-coconut-rope-with-mumbies-chew,,,,,,,,,Small,,,5 Pack,,,,,BCRC-SMALL-5PACK,113.3980925,shopify,deny,manual,49.82,52.45,true,true,,,,,"",https://cdn.shopify.com/s/files/1/0771/6913/1816/files/Mumbies_ProductListing_Variety-RopeChew.jpg?v=1745079161,2,"",,,,,,,,,,,,,,,,,,,,,,,,,,,,,,,,,,,,,,https://cdn.shopify.com/s/files/1/0771/6913/1816/files/Mumbies_BulkBundles_RopeChew-Small.jpg?v=1745079161,lb,,0.75,
braided-coconut-rope-with-mumbies-chew,,,,,,,,,Medium,,,Single Unit,,,,,BCRC-MEDIUM,54.4310844,shopify,deny,manual,13.95,,true,true,,,,,'5065021784013,https://cdn.shopify.com/s/files/1/0771/6913/1816/files/studio_shoot_3-5.png?v=1745079161,3,"",,,,,,,,,,,,,,,,,,,,,,,,,,,,,,,,,,,,,,https://cdn.shopify.com/s/files/1/0771/6913/1816/files/Mumbies_ProductListing_Rope_Chew-Medium.jpg?v=1745079161,lb,,0.80,
braided-coconut-rope-with-mumbies-chew,,,,,,,,,Medium,,,5 Pack,,,,,BCRC-MEDIUM-5PACK,272.155422,shopify,deny,manual,66.26,69.75,true,true,,,,,"",https://cdn.shopify.com/s/files/1/0771/6913/1816/files/IMG_8117.jpg?v=1745079161,4,"",,,,,,,,,,,,,,,,,,,,,,,,,,,,,,,,,,,,,,https://cdn.shopify.com/s/files/1/0771/6913/1816/files/Mumbies_BulkBundles_RopeChew-Medium.jpg?v=1745079161,lb,,0.75,
braided-coconut-rope-with-mumbies-chew,,,,,,,,,Large,,,Single Unit,,,,,BCRC-LARGE,208.6524902,shopify,deny,manual,16.49,,true,true,,,,,'5065021784020,https://cdn.shopify.com/s/files/1/0771/6913/1816/files/Coconut_Rope_and_Coffee_Wood_Chew_XXL.jpg?v=1745079161,5,"",,,,,,,,,,,,,,,,,,,,,,,,,,,,,,,,,,,,,,https://cdn.shopify.com/s/files/1/0771/6913/1816/files/Mumbies_ProductListing_Rope_Chew-Large.jpg?v=1745079161,lb,,0.90,
braided-coconut-rope-with-mumbies-chew,,,,,,,,,Large,,,5 Pack,,,,,BCRC-LARGE-5PACK,1043.262451,shopify,deny,manual,78.30,82.45,true,true,,,,,"",https://cdn.shopify.com/s/files/1/0771/6913/1816/files/Mumbies_ProductListing_Rope_Chew-Large.jpg?v=1745079161,6,"",,,,,,,,,,,,,,,,,,,,,,,,,,,,,,,,,,,,,,https://cdn.shopify.com/s/files/1/0771/6913/1816/files/Mumbies_BulkBundles_RopeChew-Large.jpg?v=1745079161,lb,,0.75,
braided-coconut-rope-with-mumbies-chew,,,,,,,,,XL,,,Single Unit,,,,,BCRC-XL,226.796185,shopify,deny,manual,17.95,,true,true,,,,,'5070002584650,https://cdn.shopify.com/s/files/1/0771/6913/1816/files/Mumbies_ProductListing_Rope_Chew-Medium.jpg?v=1745079161,7,"",,,,,,,,,,,,,,,,,,,,,,,,,,,,,,,,,,,,,,https://cdn.shopify.com/s/files/1/0771/6913/1816/files/Mumbies_ProductListing_Rope_Chew-XL.jpg?v=1745079161,lb,,0.93,
braided-coconut-rope-with-mumbies-chew,,,,,,,,,XL,,,5 Pack,,,,,BCRC-XL-5PACK,1133.980925,shopify,deny,manual,85.26,89.75,true,true,,,,,"",https://cdn.shopify.com/s/files/1/0771/6913/1816/files/Mumbies_ProductListing_Rope_Chew-Small.jpg?v=1745079161,8,"",,,,,,,,,,,,,,,,,,,,,,,,,,,,,,,,,,,,,,https://cdn.shopify.com/s/files/1/0771/6913/1816/files/Mumbies_BulkBundles_RopeChew-XL.jpg?v=1745079161,lb,,0.75,
braided-coconut-rope-with-mumbies-chew,,,,,,,,,XXL,,,Single Unit,,,,,BCRC-XXL,408.233133,shopify,deny,manual,19.49,,true,true,,,,,'5070002584698,https://cdn.shopify.com/s/files/1/0771/6913/1816/files/Mumbies_ProductListing_Rope_Chew-XL.jpg?v=1745079161,9,"",,,,,,,,,,,,,,,,,,,,,,,,,,,,,,,,,,,,,,https://cdn.shopify.com/s/files/1/0771/6913/1816/files/Mumbies_ProductListing_Rope_Chew-XXL.jpg?v=1745079161,lb,,1.85,
braided-coconut-rope-with-mumbies-chew,,,,,,,,,XXL,,,5 Pack,,,,,BCRC-XXL-5PACK,2041.165665,shopify,deny,manual,92.57,97.45,true,true,,,,,"",https://cdn.shopify.com/s/files/1/0771/6913/1816/files/Mumbies_ProductListing_Rope_Chew-XXL.jpg?v=1745079161,10,"",,,,,,,,,,,,,,,,,,,,,,,,,,,,,,,,,,,,,,https://cdn.shopify.com/s/files/1/0771/6913/1816/files/Mumbies_BulkBundles_RopeChew-XXL.jpg?v=1745079161,lb,,0.75,
braided-coconut-rope-with-mumbies-chew,,,,,,,,,,,,,,,,,,,,,,,,,,,,,,,https://cdn.shopify.com/s/files/1/0771/6913/1816/files/Mumbies_BulkBundles_RopeChew-Small.jpg?v=1745079161,11,"",,,,,,,,,,,,,,,,,,,,,,,,,,,,,,,,,,,,,,,,,,
braided-coconut-rope-with-mumbies-chew,,,,,,,,,,,,,,,,,,,,,,,,,,,,,,,https://cdn.shopify.com/s/files/1/0771/6913/1816/files/Mumbies_BulkBundles_RopeChew-Medium.jpg?v=1745079161,12,"",,,,,,,,,,,,,,,,,,,,,,,,,,,,,,,,,,,,,,,,,,
braided-coconut-rope-with-mumbies-chew,,,,,,,,,,,,,,,,,,,,,,,,,,,,,,,https://cdn.shopify.com/s/files/1/0771/6913/1816/files/Mumbies_BulkBundles_RopeChew-Large.jpg?v=1745079161,13,"",,,,,,,,,,,,,,,,,,,,,,,,,,,,,,,,,,,,,,,,,,
braided-coconut-rope-with-mumbies-chew,,,,,,,,,,,,,,,,,,,,,,,,,,,,,,,https://cdn.shopify.com/s/files/1/0771/6913/1816/files/Mumbies_BulkBundles_RopeChew-XL.jpg?v=1745079161,14,"",,,,,,,,,,,,,,,,,,,,,,,,,,,,,,,,,,,,,,,,,,
braided-coconut-rope-with-mumbies-chew,,,,,,,,,,,,,,,,,,,,,,,,,,,,,,,https://cdn.shopify.com/s/files/1/0771/6913/1816/files/Mumbies_BulkBundles_RopeChew-XXL.jpg?v=1745079161,15,"",,,,,,,,,,,,,,,,,,,,,,,,,,,,,,,,,,,,,,,,,,
mumbies-root-chews,Root Chew,"<p><span style=""font-weight: 400;"">Mumbies Root Chews are the first of their kind. Made from the root of the </span>non-toxic coffee tree, these provide a tougher chewing experience for pups of all sizes. The wood is denser than our popular chewing sticks, breaks down slowly, and each is uniquely shaped which dogs love! They are highly resistant to cracking and splintering which allows your dog to feed that desire to chew.</p>",Mumbies,Animals & Pet Supplies > Pet Supplies > Dog Supplies > Dog Toys,Chew Toy,"",true,Size,Small,,Bundle,Single Unit,,,,,MRC-SMALL,90.718474,shopify,deny,manual,12.49,,true,true,,,,,'5065021784143,https://cdn.shopify.com/s/files/1/0771/6913/1816/files/Mumbies_Products_Sept24-52.png?v=1725910754,1,"",false,Root Chews Made From Coffee Wood by Mumbies,"Mumbies Root Chews are the first of their kind. Made from the root of the non-toxic coffee tree, these provide a tougher chewing experience for pups of all sizes. The wood is denser than our popular chewing sticks, breaks down slowly, and each is uniquely shaped which dogs love!",5010,,,,,,,,,,,FALSE,THE 1ST COFFEE WOOD ROOT CHEW FOR DOGS,,'28,,,,,,junior; senior; adult,chew; aggressive-chewer; training,,,,,,,,,medium; large; small,,,wood,https://cdn.shopify.com/s/files/1/0771/6913/1816/files/Mumbies_ProductListing_Roots-Small-1.jpg?v=1744997963,lb,,2.25,active
mumbies-root-chews,,,,,,,,,Small,,,5-Pack,,,,,MRC-SMALL-5PACK,453.59237,shopify,continue,manual,59.32,62.45,true,true,,,,,"",https://cdn.shopify.com/s/files/1/0771/6913/1816/files/Mumbies_ProductListing_Roots-VarietywithBackground.jpg?v=1744997963,2,"",,,,,,,,,,,,,,,,,,,,,,,,,,,,,,,,,,,,,,https://cdn.shopify.com/s/files/1/0771/6913/1816/files/Mumbies_ProductListingTALL_FreeChew-Small.jpg?v=1761587655,lb,,2.25,
mumbies-root-chews,,,,,,,,,Small,,,10-Pack,,,,,MRC-SMALL-10PACK,907.18474,shopify,continue,manual,106.16,124.90,true,true,,,,,"",https://cdn.shopify.com/s/files/1/0771/6913/1816/files/Mumbies_Variety-Root-7.jpg?v=1761567120,3,"",,,,,,,,,,,,,,,,,,,,,,,,,,,,,,,,,,,,,,https://cdn.shopify.com/s/files/1/0771/6913/1816/files/Mumbies_BulkBundles_Roots-10PackSmall.jpg?v=1745070384,lb,,2.25,
mumbies-root-chews,,,,,,,,,Medium,,,Single Unit,,,,,MRC-MEDIUM,136.077711,shopify,deny,manual,15.99,,true,true,,,,,'5070002584667,https://cdn.shopify.com/s/files/1/0771/6913/1816/files/Mumbies_Coffee_Wood_Root_Chew_XL.jpg?v=1744997963,4,"",,,,,,,,,,,,,,,,,,,,,,,,,,,,,,,,,,,,,,https://cdn.shopify.com/s/files/1/0771/6913/1816/files/Mumbies_ProductListing_Roots-Medium-1.jpg?v=1744997963,lb,,2.25,
mumbies-root-chews,,,,,,,,,Medium,,,5-Pack,,,,,MRC-MEDIUM-5PACK,680.388555,shopify,deny,manual,75.95,79.95,true,true,,,,,"",https://cdn.shopify.com/s/files/1/0771/6913/1816/files/Mumbies_ProductListing_Roots-Small.jpg?v=1744997963,5,"",,,,,,,,,,,,,,,,,,,,,,,,,,,,,,,,,,,,,,https://cdn.shopify.com/s/files/1/0771/6913/1816/files/Mumbies_ProductListingTALL_FreeChew-Medium.jpg?v=1761587671,lb,,2.25,
mumbies-root-chews,,,,,,,,,Medium,,,10-Pack,,,,,MRC-MEDIUM-10PACK,1360.77711,shopify,deny,manual,135.91,159.90,true,true,,,,,"",https://cdn.shopify.com/s/files/1/0771/6913/1816/files/Mumbies_ProductListing_Roots-Large-1.jpg?v=1744997963,6,"",,,,,,,,,,,,,,,,,,,,,,,,,,,,,,,,,,,,,,https://cdn.shopify.com/s/files/1/0771/6913/1816/files/Mumbies_BulkBundles_Roots-10PackMedium.jpg?v=1745070416,lb,,2.25,
mumbies-root-chews,,,,,,,,,Large,,,Single Unit,,,,,MRC-LARGE,272.155422,shopify,deny,manual,17.49,,true,true,,,,,'5070002584674,https://cdn.shopify.com/s/files/1/0771/6913/1816/files/Mumbies_ProductListing_Roots-Medium.jpg?v=1744997963,7,"",,,,,,,,,,,,,,,,,,,,,,,,,,,,,,,,,,,,,,https://cdn.shopify.com/s/files/1/0771/6913/1816/files/Mumbies_ProductListing_Roots-Large.jpg?v=1744997963,lb,,2.25,
mumbies-root-chews,,,,,,,,,Large,,,5-Pack,,,,,MRC-LARGE-5PACK,1360.77711,shopify,deny,manual,83.07,87.45,true,true,,,,,"",https://cdn.shopify.com/s/files/1/0771/6913/1816/files/Mumbies_ProductListing_Roots-XL.jpg?v=1744997963,8,"",,,,,,,,,,,,,,,,,,,,,,,,,,,,,,,,,,,,,,https://cdn.shopify.com/s/files/1/0771/6913/1816/files/Mumbies_ProductListingTALL_FreeChew-Large.jpg?v=1761587717,lb,,2.25,
mumbies-root-chews,,,,,,,,,Large,,,10-Pack,,,,,MRC-LARGE-10PACK,2721.55422,shopify,continue,manual,148.66,174.90,true,true,,,,,"",https://cdn.shopify.com/s/files/1/0771/6913/1816/files/Mumbies_ProductListing_Roots-XXL.jpg?v=1744997963,9,"",,,,,,,,,,,,,,,,,,,,,,,,,,,,,,,,,,,,,,https://cdn.shopify.com/s/files/1/0771/6913/1816/files/Mumbies_BulkBundles_Roots-10PackLarge.jpg?v=1745070445,lb,,2.25,
mumbies-root-chews,,,,,,,,,XL,,,Single Unit,,,,,MRC-XL,362.873896,shopify,deny,manual,19.99,,true,true,,,,,'5070002584681,https://cdn.shopify.com/s/files/1/0771/6913/1816/files/Mumbies_Products_Sept24-50.png?v=1744997963,10,"",,,,,,,,,,,,,,,,,,,,,,,,,,,,,,,,,,,,,,https://cdn.shopify.com/s/files/1/0771/6913/1816/files/Mumbies_ProductListing_Roots-XL-1.jpg?v=1744997963,lb,,2.25,
mumbies-root-chews,,,,,,,,,XL,,,5-Pack,,,,,MRC-XL-5PACK,1814.36948,shopify,deny,manual,94.95,99.95,true,true,,,,,"",https://cdn.shopify.com/s/files/1/0771/6913/1816/files/Mumbies_Products_Sept24-28.png?v=1744997963,11,"",,,,,,,,,,,,,,,,,,,,,,,,,,,,,,,,,,,,,,https://cdn.shopify.com/s/files/1/0771/6913/1816/files/Mumbies_ProductListingTALL_FreeChew-XL.jpg?v=1761587743,lb,,2.25,
mumbies-root-chews,,,,,,,,,XL,,,10-Pack,,,,,MRC-XL-10PACK,3628.73896,shopify,deny,manual,169.91,199.90,true,true,,,,,"",https://cdn.shopify.com/s/files/1/0771/6913/1816/files/Mumbies_Products_Sept24-22.png?v=1744997963,12,"",,,,,,,,,,,,,,,,,,,,,,,,,,,,,,,,,,,,,,https://cdn.shopify.com/s/files/1/0771/6913/1816/files/Mumbies_BulkBundles_Roots-10PackXL_fe8484f3-0325-4f90-b153-f59284ae361f.jpg?v=1745070504,lb,,2.25,
mumbies-root-chews,,,,,,,,,XXL,,,Single Unit,,,,,MRC-XXL,625.9574706,shopify,deny,manual,21.49,,true,true,,,,,'5065021784150,https://cdn.shopify.com/s/files/1/0771/6913/1816/files/Mumbies_Products_Sept24-15_b0eb42d1-1b1a-4aa3-95a3-b66a37436d63.png?v=1744997963,13,"",,,,,,,,,,,,,,,,,,,,,,,,,,,,,,,,,,,,,,https://cdn.shopify.com/s/files/1/0771/6913/1816/files/Mumbies_ProductListing_Roots-XXL.jpg?v=1744997963,lb,,2.25,
mumbies-root-chews,,,,,,,,,XXL,,,5-Pack,,,,,MRC-XXL-5PACK,3129.787353,shopify,deny,manual,102.07,107.45,true,true,,,,,"",https://cdn.shopify.com/s/files/1/0771/6913/1816/files/EB1DE871-8342-441F-9F39-E94F6B632D08.jpg?v=1744997963,14,"",,,,,,,,,,,,,,,,,,,,,,,,,,,,,,,,,,,,,,https://cdn.shopify.com/s/files/1/0771/6913/1816/files/Mumbies_ProductListingTALL_FreeChew-XXL.jpg?v=1761587826,lb,,2.25,
mumbies-root-chews,,,,,,,,,XXL,,,10-Pack,,,,,MRC-XXL-10PACK,6259.574706,shopify,deny,manual,182.66,214.90,true,true,,,,,"",https://cdn.shopify.com/s/files/1/0771/6913/1816/files/Mumbies_ProductListing_Roots-Large.jpg?v=1744997963,15,"",,,,,,,,,,,,,,,,,,,,,,,,,,,,,,,,,,,,,,https://cdn.shopify.com/s/files/1/0771/6913/1816/files/Mumbies_BulkBundles_Roots-10PackXXL.jpg?v=1745070539,lb,,2.25,
mumbies-root-chews,,,,,,,,,Variety Pack,,,All Sizes Variety Pack Roots,,,,,MRC-VARIETY-AR,1587.573295,shopify,deny,manual,78.71,87.45,true,true,,,,,"",https://cdn.shopify.com/s/files/1/0771/6913/1816/files/Mumbies_ProductListing_Roots-Small-1.jpg?v=1744997963,16,"",,,,,,,,,,,,,,,,,,,,,,,,,,,,,,,,,,,,,,https://cdn.shopify.com/s/files/1/0771/6913/1816/files/Mumbies_ProductListing_Roots-VarietywithBackground.jpg?v=1744997963,lb,,2.25,
mumbies-root-chews,,,,,,,,,,,,,,,,,,,,,,,,,,,,,,,https://cdn.shopify.com/s/files/1/0771/6913/1816/files/Mumbies_ProductListing_Roots-Medium-1.jpg?v=1744997963,17,"",,,,,,,,,,,,,,,,,,,,,,,,,,,,,,,,,,,,,,,,,,
mumbies-root-chews,,,,,,,,,,,,,,,,,,,,,,,,,,,,,,,https://cdn.shopify.com/s/files/1/0771/6913/1816/files/Mumbies_ProductListing_Roots-XL-1.jpg?v=1744997963,18,"",,,,,,,,,,,,,,,,,,,,,,,,,,,,,,,,,,,,,,,,,,
mumbies-root-chews,,,,,,,,,,,,,,,,,,,,,,,,,,,,,,,https://cdn.shopify.com/s/files/1/0771/6913/1816/files/Mumbies_ProductListing_Roots-XXL-1.jpg?v=1744997963,19,"",,,,,,,,,,,,,,,,,,,,,,,,,,,,,,,,,,,,,,,,,,
mumbies-root-chews,,,,,,,,,,,,,,,,,,,,,,,,,,,,,,,https://cdn.shopify.com/s/files/1/0771/6913/1816/files/Mumbies_BulkBundles_Roots-5PackSmall.jpg?v=1745070337,20,"",,,,,,,,,,,,,,,,,,,,,,,,,,,,,,,,,,,,,,,,,,
mumbies-root-chews,,,,,,,,,,,,,,,,,,,,,,,,,,,,,,,https://cdn.shopify.com/s/files/1/0771/6913/1816/files/Mumbies_BulkBundles_Roots-10PackSmall.jpg?v=1745070384,21,"",,,,,,,,,,,,,,,,,,,,,,,,,,,,,,,,,,,,,,,,,,
mumbies-root-chews,,,,,,,,,,,,,,,,,,,,,,,,,,,,,,,https://cdn.shopify.com/s/files/1/0771/6913/1816/files/Mumbies_BulkBundles_Roots-5PackMedium.jpg?v=1745070402,22,"",,,,,,,,,,,,,,,,,,,,,,,,,,,,,,,,,,,,,,,,,,
mumbies-root-chews,,,,,,,,,,,,,,,,,,,,,,,,,,,,,,,https://cdn.shopify.com/s/files/1/0771/6913/1816/files/Mumbies_BulkBundles_Roots-10PackMedium.jpg?v=1745070416,23,"",,,,,,,,,,,,,,,,,,,,,,,,,,,,,,,,,,,,,,,,,,
mumbies-root-chews,,,,,,,,,,,,,,,,,,,,,,,,,,,,,,,https://cdn.shopify.com/s/files/1/0771/6913/1816/files/Mumbies_BulkBundles_Roots-5PackLarge.jpg?v=1745070430,24,"",,,,,,,,,,,,,,,,,,,,,,,,,,,,,,,,,,,,,,,,,,
mumbies-root-chews,,,,,,,,,,,,,,,,,,,,,,,,,,,,,,,https://cdn.shopify.com/s/files/1/0771/6913/1816/files/Mumbies_BulkBundles_Roots-10PackLarge.jpg?v=1745070445,25,"",,,,,,,,,,,,,,,,,,,,,,,,,,,,,,,,,,,,,,,,,,
mumbies-root-chews,,,,,,,,,,,,,,,,,,,,,,,,,,,,,,,https://cdn.shopify.com/s/files/1/0771/6913/1816/files/Mumbies_BulkBundles_Roots-5PackXL.jpg?v=1745070473,26,"",,,,,,,,,,,,,,,,,,,,,,,,,,,,,,,,,,,,,,,,,,
mumbies-root-chews,,,,,,,,,,,,,,,,,,,,,,,,,,,,,,,https://cdn.shopify.com/s/files/1/0771/6913/1816/files/Mumbies_BulkBundles_Roots-10PackXL_fe8484f3-0325-4f90-b153-f59284ae361f.jpg?v=1745070504,27,"",,,,,,,,,,,,,,,,,,,,,,,,,,,,,,,,,,,,,,,,,,
mumbies-root-chews,,,,,,,,,,,,,,,,,,,,,,,,,,,,,,,https://cdn.shopify.com/s/files/1/0771/6913/1816/files/Mumbies_BulkBundles_Roots-5Pack-XXL.jpg?v=1745070524,28,"",,,,,,,,,,,,,,,,,,,,,,,,,,,,,,,,,,,,,,,,,,
mumbies-root-chews,,,,,,,,,,,,,,,,,,,,,,,,,,,,,,,https://cdn.shopify.com/s/files/1/0771/6913/1816/files/Mumbies_BulkBundles_Roots-10PackXXL.jpg?v=1745070539,29,"",,,,,,,,,,,,,,,,,,,,,,,,,,,,,,,,,,,,,,,,,,
mumbies-root-chews,,,,,,,,,,,,,,,,,,,,,,,,,,,,,,,https://cdn.shopify.com/s/files/1/0771/6913/1816/files/Mumbies_ProductListingTALL_FreeChew-Small.jpg?v=1761587655,30,"",,,,,,,,,,,,,,,,,,,,,,,,,,,,,,,,,,,,,,,,,,
mumbies-root-chews,,,,,,,,,,,,,,,,,,,,,,,,,,,,,,,https://cdn.shopify.com/s/files/1/0771/6913/1816/files/Mumbies_ProductListingTALL_FreeChew-Medium.jpg?v=1761587671,31,"",,,,,,,,,,,,,,,,,,,,,,,,,,,,,,,,,,,,,,,,,,
mumbies-root-chews,,,,,,,,,,,,,,,,,,,,,,,,,,,,,,,https://cdn.shopify.com/s/files/1/0771/6913/1816/files/Mumbies_ProductListingTALL_FreeChew-Large.jpg?v=1761587717,32,"",,,,,,,,,,,,,,,,,,,,,,,,,,,,,,,,,,,,,,,,,,
mumbies-root-chews,,,,,,,,,,,,,,,,,,,,,,,,,,,,,,,https://cdn.shopify.com/s/files/1/0771/6913/1816/files/Mumbies_ProductListingTALL_FreeChew-XL.jpg?v=1761587743,33,"",,,,,,,,,,,,,,,,,,,,,,,,,,,,,,,,,,,,,,,,,,
mumbies-root-chews,,,,,,,,,,,,,,,,,,,,,,,,,,,,,,,https://cdn.shopify.com/s/files/1/0771/6913/1816/files/Mumbies_ProductListingTALL_FreeChew-XXL.jpg?v=1761587826,34,"",,,,,,,,,,,,,,,,,,,,,,,,,,,,,,,,,,,,,,,,,,
braided-coconut-rope-with-root-chew,Coconut Rope & Root Chew,"<ul>
<li>Ships same or next business day.</li>
</ul>
<p><span style=""font-weight: 400;"">Great for playing tug, fetch, or gnawing on the Mumbies root chew. The braided rope is made from coconut husk fiber, while the wood chew in the center is 100% non-toxic coffee tree – same as our Mumbies Root Chew. They are dense, break down slowly, and are highly resistant to cracking and splintering due to the hardness of the wood and tightly packed fibers within. Best for moderate chewers. Not recommended for heavy chewers as they can come apart quickly for an overly enthusiastic dog.</span><b></b><b></b></p>",Mumbies,Animals & Pet Supplies > Pet Supplies > Dog Supplies > Dog Toys,Chew Toy,"",true,Available Sizes,Small,,Bundle,Single Unit,,,,,BCRR-SMALL,136.077711,shopify,deny,manual,14.95,,true,true,,,,,'5065021784112,https://cdn.shopify.com/s/files/1/0771/6913/1816/files/rope_with_root_edit_1-_shopify.png?v=1737259462,1,"",false,,,,,,,,,,,,,,,A FUN ROPE DOG TOY WITH OUR TOUGHEST ROOT,,'17,,,,,,adult,chew; rope,,,,,,,,,medium; large,,,wood,https://cdn.shopify.com/s/files/1/0771/6913/1816/files/Mumbies_ProductListing_Rope_Root-Small.jpg?v=1747358211,lb,,0.93,active
braided-coconut-rope-with-root-chew,,,,,,,,,Small,,,5-Pack,,,,,BCRR-SMALL-5PACK,680.388555,shopify,continue,manual,71.01,74.75,true,true,,,,,"",https://cdn.shopify.com/s/files/1/0771/6913/1816/files/Mumbies_ProductListing_Variety-RopeRoot.jpg?v=1745079238,2,"",,,,,,,,,,,,,,,,,,,,,,,,,,,,,,,,,,,,,,https://cdn.shopify.com/s/files/1/0771/6913/1816/files/Mumbies_BulkBundles_RopeRoot-Small.jpg?v=1745080148,lb,,0.93,
braided-coconut-rope-with-root-chew,,,,,,,,,Medium,,,Single Unit,,,,,BCRR-MEDIUM,181.436948,shopify,deny,manual,16.49,,true,true,,,,,'5065021784129,https://cdn.shopify.com/s/files/1/0771/6913/1816/files/rope_with_root_edit_3-shopify.png?v=1745079238,3,"",,,,,,,,,,,,,,,,,,,,,,,,,,,,,,,,,,,,,,https://cdn.shopify.com/s/files/1/0771/6913/1816/files/Mumbies_ProductListing_Rope_Root-Medium.jpg?v=1747358211,lb,,1.00,
braided-coconut-rope-with-root-chew,,,,,,,,,Medium,,,5-Pack,,,,,BCRR-MEDIUM-5PACK,907.18474,shopify,continue,manual,78.32,82.45,true,true,,,,,"",https://cdn.shopify.com/s/files/1/0771/6913/1816/files/rope_with_root_edit_2_-_shopoify.png?v=1745079238,4,"",,,,,,,,,,,,,,,,,,,,,,,,,,,,,,,,,,,,,,https://cdn.shopify.com/s/files/1/0771/6913/1816/files/Mumbies_BulkBundles_RopeRoot-Medium.jpg?v=1745080164,lb,,0.93,
braided-coconut-rope-with-root-chew,,,,,,,,,Large,,,Single Unit,,,,,BCRR-LARGE,226.796185,shopify,deny,manual,18.95,,true,true,,,,,'5065021784136,https://cdn.shopify.com/s/files/1/0771/6913/1816/files/Mumbies_Products_Sept24-11.png?v=1745079238,5,"",,,,,,,,,,,,,,,,,,,,,,,,,,,,,,,,,,,,,,https://cdn.shopify.com/s/files/1/0771/6913/1816/files/Mumbies_ProductListing_Rope_Root-Large.jpg?v=1747358211,lb,,1.50,
braided-coconut-rope-with-root-chew,,,,,,,,,Large,,,5-Pack,,,,,BCRR-LARGE-5PACK,1133.980925,shopify,continue,manual,90.01,94.75,true,true,,,,,"",https://cdn.shopify.com/s/files/1/0771/6913/1816/files/IMG_8911.jpg?v=1745079238,6,"",,,,,,,,,,,,,,,,,,,,,,,,,,,,,,,,,,,,,,https://cdn.shopify.com/s/files/1/0771/6913/1816/files/Mumbies_BulkBundles_RopeRoot-Large.jpg?v=1745080175,lb,,0.93,
braided-coconut-rope-with-root-chew,,,,,,,,,XL,,,Single Unit,,,,,BCRR-XL,362.873896,shopify,deny,manual,20.49,,true,true,,,,,'5065021784068,https://cdn.shopify.com/s/files/1/0771/6913/1816/files/e1029a29-9b2f-4236-93c1-b1b94369ff4d.jpg?v=1745079238,7,"",,,,,,,,,,,,,,,,,,,,,,,,,,,,,,,,,,,,,,https://cdn.shopify.com/s/files/1/0771/6913/1816/files/Mumbies_ProductListing_Rope_Root-XL.jpg?v=1745079200,lb,,1.75,
braided-coconut-rope-with-root-chew,,,,,,,,,XL,,,5-Pack,,,,,BCRR-XL-5PACK,1814.36948,shopify,continue,manual,97.32,102.45,true,true,,,,,"",https://cdn.shopify.com/s/files/1/0771/6913/1816/files/Mumbies_ProductListing_Rope_Root-Small.jpg?v=1747358211,8,"",,,,,,,,,,,,,,,,,,,,,,,,,,,,,,,,,,,,,,https://cdn.shopify.com/s/files/1/0771/6913/1816/files/Mumbies_BulkBundles_RopeRoot-XL.jpg?v=1745080187,lb,,0.93,
braided-coconut-rope-with-root-chew,,,,,,,,,XXL,,,Single Unit,,,,,M-BCRR-XXL,544.310844,shopify,deny,manual,22.95,,true,true,,,,,'5065021784075,https://cdn.shopify.com/s/files/1/0771/6913/1816/files/Mumbies_ProductListing_Rope_Root-Medium.jpg?v=1747358211,9,"",,,,,,,,,,,,,,,,,,,,,,,,,,,,,,,,,,,,,,https://cdn.shopify.com/s/files/1/0771/6913/1816/files/rope_with_root_edit_1-_shopify.png?v=1737259462,lb,,1.87,
braided-coconut-rope-with-root-chew,,,,,,,,,XXL,,,5-Pack,,,,,BCRR-XXL-5PACK,2721.55422,shopify,continue,manual,109.01,114.75,true,true,,,,,"",https://cdn.shopify.com/s/files/1/0771/6913/1816/files/Mumbies_ProductListing_Rope_Root-Large.jpg?v=1747358211,10,"",,,,,,,,,,,,,,,,,,,,,,,,,,,,,,,,,,,,,,https://cdn.shopify.com/s/files/1/0771/6913/1816/files/Mumbies_BulkBundles_RopeRoot-XXL.jpg?v=1745080198,lb,,0.93,
braided-coconut-rope-with-root-chew,,,,,,,,,,,,,,,,,,,,,,,,,,,,,,,https://cdn.shopify.com/s/files/1/0771/6913/1816/files/Mumbies_ProductListing_Rope_Root-XL.jpg?v=1745079200,11,"",,,,,,,,,,,,,,,,,,,,,,,,,,,,,,,,,,,,,,,,,,
braided-coconut-rope-with-root-chew,,,,,,,,,,,,,,,,,,,,,,,,,,,,,,,https://cdn.shopify.com/s/files/1/0771/6913/1816/files/Mumbies_ProductListing_Rope_Root-XXL.jpg?v=1745079200,12,"",,,,,,,,,,,,,,,,,,,,,,,,,,,,,,,,,,,,,,,,,,
braided-coconut-rope-with-root-chew,,,,,,,,,,,,,,,,,,,,,,,,,,,,,,,https://cdn.shopify.com/s/files/1/0771/6913/1816/files/Mumbies_BulkBundles_RopeRoot-Small.jpg?v=1745080148,13,"",,,,,,,,,,,,,,,,,,,,,,,,,,,,,,,,,,,,,,,,,,
braided-coconut-rope-with-root-chew,,,,,,,,,,,,,,,,,,,,,,,,,,,,,,,https://cdn.shopify.com/s/files/1/0771/6913/1816/files/Mumbies_BulkBundles_RopeRoot-Medium.jpg?v=1745080164,14,"",,,,,,,,,,,,,,,,,,,,,,,,,,,,,,,,,,,,,,,,,,
braided-coconut-rope-with-root-chew,,,,,,,,,,,,,,,,,,,,,,,,,,,,,,,https://cdn.shopify.com/s/files/1/0771/6913/1816/files/Mumbies_BulkBundles_RopeRoot-Large.jpg?v=1745080175,15,"",,,,,,,,,,,,,,,,,,,,,,,,,,,,,,,,,,,,,,,,,,
braided-coconut-rope-with-root-chew,,,,,,,,,,,,,,,,,,,,,,,,,,,,,,,https://cdn.shopify.com/s/files/1/0771/6913/1816/files/Mumbies_BulkBundles_RopeRoot-XL.jpg?v=1745080187,16,"",,,,,,,,,,,,,,,,,,,,,,,,,,,,,,,,,,,,,,,,,,
braided-coconut-rope-with-root-chew,,,,,,,,,,,,,,,,,,,,,,,,,,,,,,,https://cdn.shopify.com/s/files/1/0771/6913/1816/files/Mumbies_BulkBundles_RopeRoot-XXL.jpg?v=1745080198,17,"",,,,,,,,,,,,,,,,,,,,,,,,,,,,,,,,,,,,,,,,,,
yummies-raw-freeze-dried-bison-liver,Yummies Bison Liver Treats,"<h3><strong>Freeze-dried, raw bison liver is the <span style=""text-decoration: underline;"">ultimate</span> treat<span><strong>.</strong> </span></strong></h3>
<p>Nearly 2 pounds of organ meat go into bag, delivering a high-protein snack loaded with naturally occurring vitamins A and B, iron, zinc, and copper to support your pup’s immune system, skin health, and energy levels. </p>
<ul>
<li>Sourced from American bison</li>
<li>Single-ingredient</li>
<li>No additives or fillers</li>
<li>Great for dogs with food sensitivities</li>
<li>Guilt-free treat or meal topper</li>
</ul>",Mumbies,Animals & Pet Supplies > Pet Supplies > Dog Supplies > Dog Treats,Treat,"",true,Bundle,Single Unit,,,,,,,,MY-FDBL-1,170.09713875,shopify,deny,manual,26.50,,true,true,,,,,'5065021784082,https://cdn.shopify.com/s/files/1/0771/6913/1816/files/BisonLiver-13.png?v=1740407847,1,"",false,,,5011,,,,,,,,,,,,NATURE'S SUPERFOOD | 6 OZ / .375 LB BAG,,'15,,,,,,adult,,,,,bag,high-protein; allergy-food-sensitivity; gluten-free; dental-health; grain-free; liver-care; skin-coat-care; sensitive-stomach; weight-control,bison; liver,crunchy; soft; chewy,crunchy; soft,,,,,https://cdn.shopify.com/s/files/1/0771/6913/1816/files/BisonLiver-13.png?v=1740407847,oz,,6.25,active
yummies-raw-freeze-dried-bison-liver,,,,,,,,,5-Pack,,,,,,,,MY-FDBL-5PACK,850.48569375,shopify,continue,manual,125.87,132.50,true,true,,,,,"",https://cdn.shopify.com/s/files/1/0771/6913/1816/files/BisonLiver-21.png?v=1740407847,2,"",,,,,,,,,,,,,,,,,,,,,,,,,,,,,,,,,,,,,,https://cdn.shopify.com/s/files/1/0771/6913/1816/files/Mumbies_ProductListing-Bison5Pack.png?v=1741218447,oz,,6.25,
yummies-raw-freeze-dried-bison-liver,,,,,,,,,12-Pack,,,,,,,,MY-FDBL-12PACK,2041.165665,shopify,continue,manual,270.30,318.00,true,true,,,,,"",https://cdn.shopify.com/s/files/1/0771/6913/1816/files/4.png?v=1740407847,3,"",,,,,,,,,,,,,,,,,,,,,,,,,,,,,,,,,,,,,,https://cdn.shopify.com/s/files/1/0771/6913/1816/files/Mumbies_ProductListing-Bison12pack.png?v=1741218465,oz,,6.25,
yummies-raw-freeze-dried-bison-liver,,,,,,,,,,,,,,,,,,,,,,,,,,,,,,,https://cdn.shopify.com/s/files/1/0771/6913/1816/files/Mumbie_Yummies_Graphics.png?v=1740407847,4,"",,,,,,,,,,,,,,,,,,,,,,,,,,,,,,,,,,,,,,,,,,
yummies-raw-freeze-dried-bison-liver,,,,,,,,,,,,,,,,,,,,,,,,,,,,,,,https://cdn.shopify.com/s/files/1/0771/6913/1816/files/5.png?v=1740407847,5,"",,,,,,,,,,,,,,,,,,,,,,,,,,,,,,,,,,,,,,,,,,
yummies-raw-freeze-dried-bison-liver,,,,,,,,,,,,,,,,,,,,,,,,,,,,,,,https://cdn.shopify.com/s/files/1/0771/6913/1816/files/Mumbies_BisonLiver_ProductListing-back.png?v=1740407847,6,"",,,,,,,,,,,,,,,,,,,,,,,,,,,,,,,,,,,,,,,,,,
yummies-raw-freeze-dried-bison-liver,,,,,,,,,,,,,,,,,,,,,,,,,,,,,,,https://cdn.shopify.com/s/files/1/0771/6913/1816/files/BisonLiver-33.png?v=1740407847,7,"",,,,,,,,,,,,,,,,,,,,,,,,,,,,,,,,,,,,,,,,,,
yummies-raw-freeze-dried-bison-liver,,,,,,,,,,,,,,,,,,,,,,,,,,,,,,,https://cdn.shopify.com/s/files/1/0771/6913/1816/files/BisonLiver-23.png?v=1740407847,8,"",,,,,,,,,,,,,,,,,,,,,,,,,,,,,,,,,,,,,,,,,,
yummies-raw-freeze-dried-bison-liver,,,,,,,,,,,,,,,,,,,,,,,,,,,,,,,https://cdn.shopify.com/s/files/1/0771/6913/1816/files/BisonLiver-7.png?v=1740407847,9,"",,,,,,,,,,,,,,,,,,,,,,,,,,,,,,,,,,,,,,,,,,
yummies-raw-freeze-dried-bison-liver,,,,,,,,,,,,,,,,,,,,,,,,,,,,,,,https://cdn.shopify.com/s/files/1/0771/6913/1816/files/studio_product_shoot_2_1.png?v=1740407847,10,"",,,,,,,,,,,,,,,,,,,,,,,,,,,,,,,,,,,,,,,,,,
yummies-raw-freeze-dried-bison-liver,,,,,,,,,,,,,,,,,,,,,,,,,,,,,,,https://cdn.shopify.com/s/files/1/0771/6913/1816/files/BisonLiverTreats-40.png?v=1740407847,11,"",,,,,,,,,,,,,,,,,,,,,,,,,,,,,,,,,,,,,,,,,,
yummies-raw-freeze-dried-bison-liver,,,,,,,,,,,,,,,,,,,,,,,,,,,,,,,https://cdn.shopify.com/s/files/1/0771/6913/1816/files/IMG_9424.jpg?v=1740407847,12,"",,,,,,,,,,,,,,,,,,,,,,,,,,,,,,,,,,,,,,,,,,
yummies-raw-freeze-dried-bison-liver,,,,,,,,,,,,,,,,,,,,,,,,,,,,,,,https://cdn.shopify.com/s/files/1/0771/6913/1816/files/D6BDA221-B327-44DD-AD89-46169E9EFB44.jpg?v=1740407847,13,"",,,,,,,,,,,,,,,,,,,,,,,,,,,,,,,,,,,,,,,,,,
yummies-raw-freeze-dried-bison-liver,,,,,,,,,,,,,,,,,,,,,,,,,,,,,,,https://cdn.shopify.com/s/files/1/0771/6913/1816/files/572F1554-D79A-4E4D-8C39-8C71FF444C5F.jpg?v=1740407847,14,"",,,,,,,,,,,,,,,,,,,,,,,,,,,,,,,,,,,,,,,,,,
yummies-raw-freeze-dried-bison-liver,,,,,,,,,,,,,,,,,,,,,,,,,,,,,,,https://cdn.shopify.com/s/files/1/0771/6913/1816/files/Mumbies_ProductListing-Bison5Pack.png?v=1741218447,15,"",,,,,,,,,,,,,,,,,,,,,,,,,,,,,,,,,,,,,,,,,,
yummies-raw-freeze-dried-bison-liver,,,,,,,,,,,,,,,,,,,,,,,,,,,,,,,https://cdn.shopify.com/s/files/1/0771/6913/1816/files/Mumbies_ProductListing-Bison12pack.png?v=1741218465,16,"",,,,,,,,,,,,,,,,,,,,,,,,,,,,,,,,,,,,,,,,,,
coconut-rope-balls,Coconut Rope Ball,"<p>Whether you have a pup that loves chasing after a ball, or one that loves soft toys they can shred to pieces, the coconut rope ball provides long lasting play time for whatever your pup desires. Made from 100% braided coconut husk fibers, it supports dental health, is biodegradable, and makes a great natural alternative to plush toys and balls.</p>
<p><!----></p>",Mumbies,Animals & Pet Supplies > Pet Supplies > Dog Supplies > Dog Toys,Chew Toy,"",true,Size,Small,,Bundle,Single Unit,,,,,CRB-SMALL,29.48350405,shopify,deny,manual,7.95,,true,true,,,,,'5065021784099,https://cdn.shopify.com/s/files/1/0771/6913/1816/files/studioproductshoot2-13.png?v=1761567120,1,"",false,,,1,,,,,,,,,,,,A NATURAL BALL AND PLUSH TOY FOR DOGS,,'5,,,,,,adult; senior; junior; puppy,rope; chew; plush,,,,,,,,,small; medium; large,,,coconut,https://cdn.shopify.com/s/files/1/0771/6913/1816/files/Mumbies_ProductListing_CocoRopeBall-Small.jpg?v=1760658350,lb,,1.50,active
coconut-rope-balls,,,,,,,,,Small,,,5-Pack,,,,,,29.48350405,shopify,deny,manual,37.76,39.75,true,true,,,,,"",https://cdn.shopify.com/s/files/1/0771/6913/1816/files/IMG_2934.jpg?v=1734645256,2,"",,,,,,,,,,,,,,,,,,,,,,,,,,,,,,,,,,,,,,,lb,,1.50,
coconut-rope-balls,,,,,,,,,Medium,,,Single Unit,,,,,CRB-MEDUIM,29.48350405,shopify,deny,manual,9.95,,true,true,,,,,'5065021784037,https://cdn.shopify.com/s/files/1/0771/6913/1816/files/3xlCRBresized.png?v=1734645256,3,"",,,,,,,,,,,,,,,,,,,,,,,,,,,,,,,,,,,,,,https://cdn.shopify.com/s/files/1/0771/6913/1816/files/Mumbies_ProductListing_CocoRopeBall-Medium.jpg?v=1760658367,lb,,1.60,
coconut-rope-balls,,,,,,,,,Medium,,,5-Pack,,,,,,29.48350405,shopify,deny,manual,47.26,49.75,true,true,,,,,"",https://cdn.shopify.com/s/files/1/0771/6913/1816/files/MumbiesCommunity-Miko-1.jpg?v=1736368966,4,"",,,,,,,,,,,,,,,,,,,,,,,,,,,,,,,,,,,,,,,lb,,1.50,
coconut-rope-balls,,,,,,,,,Large,,,Single Unit,,,,,CRB-LARGE,86.1825503,shopify,deny,manual,12.95,,true,true,,,,,'5065021784044,https://cdn.shopify.com/s/files/1/0771/6913/1816/files/mediumcrb.png?v=1736368966,5,"",,,,,,,,,,,,,,,,,,,,,,,,,,,,,,,,,,,,,,https://cdn.shopify.com/s/files/1/0771/6913/1816/files/Mumbies_ProductListing_CocoRopeBall-Large.jpg?v=1760658388,lb,,1.70,
coconut-rope-balls,,,,,,,,,Large,,,5-Pack,,,,,,29.48350405,shopify,deny,manual,61.51,64.75,true,true,,,,,"",https://cdn.shopify.com/s/files/1/0771/6913/1816/files/studioproductshoot.png?v=1736368966,6,"",,,,,,,,,,,,,,,,,,,,,,,,,,,,,,,,,,,,,,,lb,,1.50,
coconut-rope-balls,,,,,,,,,XL,,,Single Unit,,,,,CRB-XL,136.077711,shopify,deny,manual,14.95,,true,true,,,,,'5065021784051,https://cdn.shopify.com/s/files/1/0771/6913/1816/files/XLCRB.png?v=1736368966,7,"",,,,,,,,,,,,,,,,,,,,,,,,,,,,,,,,,,,,,,https://cdn.shopify.com/s/files/1/0771/6913/1816/files/XLCRB.png?v=1736368966,lb,,1.85,
coconut-rope-balls,,,,,,,,,XL,,,5-Pack,,,,,,29.48350405,shopify,deny,manual,71.01,74.75,true,true,,,,,"",https://cdn.shopify.com/s/files/1/0771/6913/1816/files/Mumbies_ProductListing_CocoRopeBall-Small.jpg?v=1760658350,8,"",,,,,,,,,,,,,,,,,,,,,,,,,,,,,,,,,,,,,,,lb,,1.50,
coconut-rope-balls,,,,,,,,,XXL,,,Single Unit,,,,,CRB-XXL,181.436948,shopify,deny,manual,17.95,,true,true,,,,,'5065021784105,https://cdn.shopify.com/s/files/1/0771/6913/1816/files/Mumbies_ProductListing_CocoRopeBall-Medium.jpg?v=1760658367,9,"",,,,,,,,,,,,,,,,,,,,,,,,,,,,,,,,,,,,,,https://cdn.shopify.com/s/files/1/0771/6913/1816/files/Mumbies_ProductListing_CocoRopeBall-XXL.jpg?v=1760658407,lb,,2.22,
coconut-rope-balls,,,,,,,,,XXL,,,5-Pack,,,,,,29.48350405,shopify,deny,manual,85.26,89.75,true,true,,,,,"",https://cdn.shopify.com/s/files/1/0771/6913/1816/files/Mumbies_ProductListing_CocoRopeBall-Large.jpg?v=1760658388,10,"",,,,,,,,,,,,,,,,,,,,,,,,,,,,,,,,,,,,,,,lb,,1.50,
coconut-rope-balls,,,,,,,,,Variety Pack - All Sizes,,,Variety Pack - All Sizes,,,,,,29.48350405,shopify,deny,manual,56.47,63.75,true,true,,,,,"",https://cdn.shopify.com/s/files/1/0771/6913/1816/files/Mumbies_ProductListing_CocoRopeBall-XXL.jpg?v=1760658407,11,"",,,,,,,,,,,,,,,,,,,,,,,,,,,,,,,,,,,,,,https://cdn.shopify.com/s/files/1/0771/6913/1816/files/Mumbies_ProductListing_CocoRopeBall-VarietyPack.jpg?v=1760658424,lb,,1.50,
coconut-rope-balls,,,,,,,,,,,,,,,,,,,,,,,,,,,,,,,https://cdn.shopify.com/s/files/1/0771/6913/1816/files/Mumbies_ProductListing_CocoRopeBall-VarietyPack.jpg?v=1760658424,12,"",,,,,,,,,,,,,,,,,,,,,,,,,,,,,,,,,,,,,,,,,,
mumbies-x-live-through-love-sticker,Dog Love Sticker,"<p>Showcase your love for dogs with this limited edition high-quality vinyl sticker. This sticker has been designed in a special collaboration with world renowned artist Ruben Rojas. Ruben is dog-lover, muralist, author, speaker, and the founder of <a href=""https://rubenrojas.com"" title=""Visit Ruben's Website (opens in new tab)"" rel=""noopener"" target=""_blank"">Live Through Love</a> where he produces apparel that spreads the message of love. As a limited print run, there's a limited amount available. Grab them while you can!</p>",Mumbies,Arts & Entertainment > Hobbies & Creative Arts > Arts & Crafts > Art & Crafting Materials > Embellishments & Trims > Decorative Stickers,"","",true,Bundle,Single Unit,,,,,,,,STICKER-PAW-OG-1,0.0,shopify,deny,manual,4.00,,true,true,,,,,"",https://cdn.shopify.com/s/files/1/0771/6913/1816/files/Mumbies_ProductListing-DogLoveSticker.jpg?v=1741400863,1,"",false,,,4054,,,,,,,,,,,,MUMBIES X LIVE THROUGH LOVE COLLABORATION,,'2,,,,,multicolor; animal,,,vinyl,,,,,,,,,,animals,,https://cdn.shopify.com/s/files/1/0771/6913/1816/files/Mumbies_ProductListing-DogLoveSticker.jpg?v=1741400863,lb,,0.62,active
mumbies-x-live-through-love-sticker,,,,,,,,,5-Pack,,,,,,,,STICKER-PAW-OG-2,0.0,shopify,deny,manual,19.00,20.00,true,true,,,,,"",https://cdn.shopify.com/s/files/1/0771/6913/1816/files/Mumbies_DLS-hand_1.jpg?v=1741400863,2,"",,,,,,,,,,,,,,,,,,,,,,,,,,,,,,,,,,,,,,https://cdn.shopify.com/s/files/1/0771/6913/1816/files/Mumbies_ProductListing-DogLoveSticker-5Pack.jpg?v=1741401174,lb,,0.62,
mumbies-x-live-through-love-sticker,,,,,,,,,10-Pack,,,,,,,,STICKER-PAW-OG-3,0.0,shopify,deny,manual,34.00,40.00,true,true,,,,,"",https://cdn.shopify.com/s/files/1/0771/6913/1816/files/Mumbies_DLS.jpg?v=1741400863,3,"",,,,,,,,,,,,,,,,,,,,,,,,,,,,,,,,,,,,,,https://cdn.shopify.com/s/files/1/0771/6913/1816/files/Mumbies_ProductListing-DogLoveSticker-10Pack.jpg?v=1741401186,lb,,0.62,
mumbies-x-live-through-love-sticker,,,,,,,,,,,,,,,,,,,,,,,,,,,,,,,https://cdn.shopify.com/s/files/1/0771/6913/1816/files/Mumbies_ProductListing-DogLoveSticker-5Pack.jpg?v=1741401174,4,"",,,,,,,,,,,,,,,,,,,,,,,,,,,,,,,,,,,,,,,,,,
mumbies-x-live-through-love-sticker,,,,,,,,,,,,,,,,,,,,,,,,,,,,,,,https://cdn.shopify.com/s/files/1/0771/6913/1816/files/Mumbies_ProductListing-DogLoveSticker-10Pack.jpg?v=1741401186,5,"",,,,,,,,,,,,,,,,,,,,,,,,,,,,,,,,,,,,,,,,,,
size-variety,Play-Time Variety Bundles,"<p>Have a pack of pups? Giving Mumbies as a gift? Save when you buy a Play Time Bundle. Each bundle contains one of each of the following sizes:</p>
<h5><strong>SMALL (includes one (1)...)</strong></h5>
<ul>
<li>Original Chew</li>
<li>Root Chew</li>
<li>Rope w/ Original Chew</li>
<li>Rope w/ Root Chew</li>
<li>Rope Ring</li>
<li>Rope Ball</li>
<li>Rope Tug</li>
<li>Yummies Bison Liver<br>
</li>
</ul>
<h5><strong>MEDIUM (includes one (1)...)</strong></h5>
<ul>
<li>Original Chew</li>
<li>Root Chew</li>
<li>Rope w/ Original Chew</li>
<li>Rope w/ Root Chew</li>
<li>Rope Ring</li>
<li>Rope Ball</li>
<li>Rope Tug</li>
<li>Yummies Bison Liver - 1 Bag <br>
</li>
</ul>
<h5><strong>LARGE (includes one (1)...)</strong></h5>
<ul>
<li>Original Chew</li>
<li>Root Chew</li>
<li>Rope w/ Original Chew</li>
<li>Rope w/ Root Chew</li>
<li>Rope Ring</li>
<li>Rope Ball</li>
<li>Rope Tug</li>
<li>Yummies Bison Liver - 1 Bag</li>
</ul>
<h5><strong>XL (includes one (1)...)</strong></h5>
<ul>
<li>Original Chew</li>
<li>Root Chew</li>
<li>Rope w/ Original Chew</li>
<li>Rope w/ Root Chew</li>
<li>Rope Ring</li>
<li>Rope Ball</li>
<li>Rope Tug</li>
<li>Yummies Bison Liver - 1 Bag<br>
</li>
</ul>
<h5><strong>XXL (includes one (1)...)</strong></h5>
<ul>
<li>Original Chew</li>
<li>Root Chew</li>
<li>Rope w/ Original Chew</li>
<li>Rope w/ Root Chew</li>
<li>Rope Ring</li>
<li>Rope Ball</li>
<li>Rope Tug</li>
<li>Yummies Bison Liver - 1 Bag<br>
</li>
</ul>
<p><!----></p>",Mumbies,Animals & Pet Supplies > Pet Supplies > Dog Supplies > Dog Toys,Chew Toy,"",true,Size,Small,,,,,,,,VARIETY-BUNDLE-SMALL-1,1360.77711,shopify,deny,manual,93.81,104.23,true,true,,,,,"",https://cdn.shopify.com/s/files/1/0771/6913/1816/files/Mumbies_ProductListing_Variety-Welcome_Box.jpg?v=1761567120,1,"",false,,,1,,,,,,,,,,,,,,'4,,,,,,adult; senior; junior; puppy,rope; chew; plush,,,,,,,,,small; medium; large,,,coconut; wood,https://cdn.shopify.com/s/files/1/0771/6913/1816/files/Mumbies_ProductListingTALL_PlaytimeBundle-Small.jpg?v=1761577237,lb,,11.00,active
size-variety,,,,,,,,,Medium,,,,,,,,VARIETY-BUNDLE-MEDIUM-1,1814.36948,shopify,deny,manual,111.84,124.27,true,true,,,,,"",https://cdn.shopify.com/s/files/1/0771/6913/1816/files/Mumbies_ProductListingTALL_PlaytimeBundle-Small.jpg?v=1761577237,2,"",,,,,,,,,,,,,,,,,,,,,,,,,,,,,,,,,,,,,,https://cdn.shopify.com/s/files/1/0771/6913/1816/files/Mumbies_ProductListingTALL_PlaytimeBundle-Medium.jpg?v=1761577240,lb,,15.00,
size-variety,,,,,,,,,Large,,,,,,,,VARIETY-BUNDLE-LARGE-1,2721.55422,shopify,deny,manual,129.81,144.23,true,true,,,,,"",https://cdn.shopify.com/s/files/1/0771/6913/1816/files/Mumbies_ProductListingTALL_PlaytimeBundle-Medium.jpg?v=1761577240,3,"",,,,,,,,,,,,,,,,,,,,,,,,,,,,,,,,,,,,,,https://cdn.shopify.com/s/files/1/0771/6913/1816/files/Mumbies_ProductListingTALL_PlaytimeBundle-Large.jpg?v=1761577237,lb,,15.00,
size-variety,,,,,,,,,XL,,,,,,,,VARIETY-BUNDLE-XL-1,3628.73896,shopify,deny,manual,142.44,158.27,true,true,,,,,"",https://cdn.shopify.com/s/files/1/0771/6913/1816/files/Mumbies_ProductListingTALL_PlaytimeBundle-Large.jpg?v=1761577237,4,"",,,,,,,,,,,,,,,,,,,,,,,,,,,,,,,,,,,,,,https://cdn.shopify.com/s/files/1/0771/6913/1816/files/Mumbies_ProductListingTALL_PlaytimeBundle-XL.jpg?v=1761577237,lb,,15.00,
size-variety,,,,,,,,,XXL,,,,,,,,VARIETY-BUNDLE-XXL-1,4989.51607,shopify,continue,manual,159.51,177.23,true,true,,,,,"",https://cdn.shopify.com/s/files/1/0771/6913/1816/files/Mumbies_ProductListingTALL_PlaytimeBundle-XL.jpg?v=1761577237,5,"",,,,,,,,,,,,,,,,,,,,,,,,,,,,,,,,,,,,,,https://cdn.shopify.com/s/files/1/0771/6913/1816/files/Mumbies_ProductListingTALL_PlaytimeBundle-XXL.jpg?v=1761577240,lb,,15.00,
size-variety,,,,,,,,,,,,,,,,,,,,,,,,,,,,,,,https://cdn.shopify.com/s/files/1/0771/6913/1816/files/Mumbies_ProductListingTALL_PlaytimeBundle-XXL.jpg?v=1761577240,6,"",,,,,,,,,,,,,,,,,,,,,,,,,,,,,,,,,,,,,,,,,,
size-variety,,,,,,,,,,,,,,,,,,,,,,,,,,,,,,,https://cdn.shopify.com/s/files/1/0771/6913/1816/files/Mumbies_ProductListing_Variety-RopeWithRoot_e442d321-9403-43c4-b070-f8aa63f5b3f7.jpg?v=1761577237,7,"",,,,,,,,,,,,,,,,,,,,,,,,,,,,,,,,,,,,,,,,,,
size-variety,,,,,,,,,,,,,,,,,,,,,,,,,,,,,,,https://cdn.shopify.com/s/files/1/0771/6913/1816/files/Mumbies_ProductListing_Variety-RopeWithChew.jpg?v=1761577237,8,"",,,,,,,,,,,,,,,,,,,,,,,,,,,,,,,,,,,,,,,,,,
size-variety,,,,,,,,,,,,,,,,,,,,,,,,,,,,,,,https://cdn.shopify.com/s/files/1/0771/6913/1816/files/Mumbies_ProductListing_Variety-Root_Chew-1.jpg?v=1761577237,9,"",,,,,,,,,,,,,,,,,,,,,,,,,,,,,,,,,,,,,,,,,,
mumbies-crewneck-t-shirt,Mumbies Crewneck T-Shirt,"<p><meta charset=""utf-8""><strong>A no-fuss essential that feels good and lasts.</strong></p>
<p>Rep your favorite chew brand in style with the official Mumbies tee. Made from ultra-soft, breathable cotton and screen printed with our signature logo, this shirt is built for comfort and made to last—just like our chews. Whether you’re out on a walk, lounging with your pup, or hitting the farmer’s market, the deep Midnight Blue and clean white print make it easy to wear anywhere. It’s the kind of shirt you’ll reach for again and again—and hey, your dog might even approve.</p>
<p><strong>T-shirt style:</strong> Regular mens/unisex fit, mid-weight 5.3 oz / 180 GSM, 100 % combed cotton, pre-shrunk to keep its shape. <br></p>
<p><strong>Print:</strong> Crisp white mumbies logo, screen-printed front and centre for a clean, durable finish.</p>
<p><strong>Build: </strong>Neck ribbing, shoulder-to-shoulder tape, side seams and double-needle hems add everyday strength and comfort. <br></p>
<p><strong>Color:</strong> Midnight Blue — deep navy that pairs with anything.</p>
<div class=""accordion-title active""><strong>Care:</strong></div>
<div class=""accordion-content active"">
<div class=""tab-content__wrapCol"">
<ul class=""prind-care-list"">
<li>Machine wash cold with like colours.</li>
<li>Do not bleach.</li>
<li>Do not tumble dry.</li>
<li>Do not dry clean.</li>
<li>Do not iron if printed.</li>
<li>Line dry in shade.</li>
</ul>
</div>
</div>",Mumbies,Apparel & Accessories > Clothing > Clothing Tops > T-Shirts,Merch,"",true,Size,Small,,,,,,,,MERCH-CREWNECK-SMALL,272.155422,shopify,deny,manual,30.00,,true,true,,,,,"",https://cdn.shopify.com/s/files/1/0771/6913/1816/files/Mumbies_ProductListing_MerchMockup_TShirt.png?v=1751040540,1,"",false,,,4054,,adult,,,,,,,,,,,,'2,,adults,,,multicolor; white; midnight-blue,,,vinyl,cotton,,,,,,,,unisex,animals,,https://cdn.shopify.com/s/files/1/0771/6913/1816/files/Mumbies_ProductListing_MerchMockup_TShirt.png?v=1751040540,lb,,7.71,active
mumbies-crewneck-t-shirt,,,,,,,,,Medium,,,,,,,,MERCH-CREWNECK-MEDIUM,294.8350405,shopify,deny,manual,30.00,,true,true,,,,,"",,,,,,,,,,,,,,,,,,,,,,,,,,,,,,,,,,,,,,,,,https://cdn.shopify.com/s/files/1/0771/6913/1816/files/Mumbies_ProductListing_MerchMockup_TShirt.png?v=1751040540,lb,,7.71,
mumbies-crewneck-t-shirt,,,,,,,,,Large,,,,,,,,MERCH-CREWNECK-LARGE,317.514659,shopify,deny,manual,30.00,,true,true,,,,,"",,,,,,,,,,,,,,,,,,,,,,,,,,,,,,,,,,,,,,,,,https://cdn.shopify.com/s/files/1/0771/6913/1816/files/Mumbies_ProductListing_MerchMockup_TShirt.png?v=1751040540,lb,,7.71,
mumbies-crewneck-t-shirt,,,,,,,,,XL,,,,,,,,MERCH-CREWNECK-XL,340.1942775,shopify,deny,manual,30.00,,true,true,,,,,"",,,,,,,,,,,,,,,,,,,,,,,,,,,,,,,,,,,,,,,,,https://cdn.shopify.com/s/files/1/0771/6913/1816/files/Mumbies_ProductListing_MerchMockup_TShirt.png?v=1751040540,lb,,7.71,
mumbies-embroidered-cap,Mumbies Relaxed Wordmark Hat,"<p><meta charset=""utf-8"">Top off your look with the official Mumbies Relaxed Wordmark Hat <meta charset=""utf-8"">—an instant favorite for dog lovers with great taste. It has a <span>low-profile, six-panel design with a curved peak—crafted from lightweight 100% cotton for comfort. Includes an adjustable fastener with a metal clasp and tonal under-peak lining for a perfect fit.</span></p>
<p><strong>Material:</strong><span> </span>Light weight, 100% cotton</p>
<p><strong>Logo:</strong><span> </span>Embroidered mumbies logo in white thread for a textured, elevated finish</p>
<p><strong>Details:</strong><span> Low profile - six panel cap, curved peak. Adjustable fastener with metal clasp, tonal under-peak lining. One size fits all.</span></p>
<p><strong>Care:</strong><span> </span>Spot clean only. Do not bleach. Do not tumble dry.</p>",Mumbies,Apparel & Accessories > Clothing Accessories > Hats,Merch,"",true,Color,midnight-blue,product.metafields.shopify.color-pattern,,,,,,,MERCH-CURVEHAT-NAVY,90.718474,shopify,deny,manual,25.00,,true,true,,,,,"",https://cdn.shopify.com/s/files/1/0771/6913/1816/files/Mumbies_ProductListing_MerchMockup_AccessHat_AIMockUp.png?v=1749852303,1,"",false,,,4054,,,,,,,,,,,,,,'2,,,,,midnight-blue,,,vinyl,,,,,,,,,,animals,,https://cdn.shopify.com/s/files/1/0771/6913/1816/files/Mumbies_ProductListing_MerchMockup_AccessHat_AIMockUp.png?v=1749852303,lb,,8.86,active
mumbies-embroidered-cap,,,,,,,,,,,,,,,,,,,,,,,,,,,,,,,https://cdn.shopify.com/s/files/1/0771/6913/1816/files/Mumbies_ProductListing_MerchMockup-AccessHat-BACK.png?v=1749867367,2,"",,,,,,,,,,,,,,,,,,,,,,,,,,,,,,,,,,,,,,,,,,
mumbies-embroidered-cap,,,,,,,,,,,,,,,,,,,,,,,,,,,,,,,https://cdn.shopify.com/s/files/1/0771/6913/1816/files/Mumbies_Hat_Model.png?v=1749868985,3,"",,,,,,,,,,,,,,,,,,,,,,,,,,,,,,,,,,,,,,,,,,
mumbies-embroidered-trucker-cap,Mumbies Classic Snapback Hat,"<p>The Mumbies Classic Snapback is that laid-back, effortlessly cool hat you’ll end up grabbing every time you head out the door to walk the dog or run errands. <meta charset=""utf-8""><span>A high-profile snapback with a flat peak, made from heavy-weight 100% cotton canvas. Features include a structured front, plastic snapback closure, tonal under-peak lining, stitching eyelets, and a self-fabric dome. <meta charset=""utf-8"">One size fits all with a tear-out label.</span></p>
<p><strong>Material:</strong> H<span>eavy-weight 100% cotton canvas</span></p>
<p><strong>Logo:</strong> Embroidered mumbies logo in cream thread for a textured, elevated finish</p>
<p><strong>Details:</strong> Adjustable plastic snapback</p>
<p><strong>Care:</strong> Spot clean only. Do not bleach. Do not tumble dry.</p>",Mumbies,Apparel & Accessories > Clothing Accessories > Hats,Merch,"",true,Color,midnight-blue,product.metafields.shopify.color-pattern,,,,,,,MERCH-HAT-CLASSIC,90.718474,shopify,deny,manual,25.00,,true,true,,,,,"",https://cdn.shopify.com/s/files/1/0771/6913/1816/files/Mumbies_MerchPreorder_Listing_CanvasTruckerHatMockup.png?v=1749854249,1,"",false,,,4054,,adult,,,,,,,,,,,,'2,one-size,adults,,,midnight-blue,,,cotton; vinyl,cotton; plastic,adjustable-fit,,,,,,,unisex,animals,,https://cdn.shopify.com/s/files/1/0771/6913/1816/files/Mumbies_MerchPreorder_Listing_CanvasTruckerHatMockup.png?v=1749854249,lb,,8.66,active
mumbies-embroidered-trucker-cap,,,,,,,,,,,,,,,,,,,,,,,,,,,,,,,https://cdn.shopify.com/s/files/1/0771/6913/1816/files/Mumbies_ProductListing_MerchMockup-CanvasHat-BACK.png?v=1749867368,2,"",,,,,,,,,,,,,,,,,,,,,,,,,,,,,,,,,,,,,,,,,,
mumbies-tote,Mumbies Tote Bag,"<p>Tote your love for Mumbies wherever you go. This heavy-duty canvas bag features our signature pup logo screen printed loud and proud on the front—because we know you're carrying more than treats and tennis balls. With long, sturdy straps and a reinforced base, it’s made to haul the essentials (and then some), whether you’re headed to the park, store, or just out being a proud dog parent. Durable, spacious, and ready for whatever your day—or your dog—throws at it.</p>
<p><strong>Tote:</strong> Sturdy, heavyweight 100% cotton canvas</p>
<p><strong>Print:</strong> Bold white Mumbies dog logo, screen printed front and center</p>
<p><strong>Size:</strong> 42cm x 42cm with a reinforced base for extra room and durability</p>
<p><strong>Straps:</strong> Comfy 65cm shoulder straps – easy to sling over your arm, even when full</p>
<p><strong>Color:</strong> Navy – a timeless neutral that hides the everyday mess</p>",Mumbies,Luggage & Bags > Tote Bags,Merch,"",true,Title,Default Title,,,,,,,,MERCH-TOTE-NAVY,136.077711,shopify,deny,manual,30.00,,true,true,,,,,,https://cdn.shopify.com/s/files/1/0771/6913/1816/files/Mumbies_ProductListing_MerchMockup_ToteBag.png?v=1749852306,1,"",false,,,4054,,,,,,,,,,,,,,'2,,,canvas; cotton,shoulder-strap,multicolor; animal; navy; white,,,vinyl,,,,,,,,,,animals,,,lb,,9.31,active
coconut-rope-ring,Coconut Rope Ring,"<p data-end=""397"" data-start=""163"">Perfect for tug-of-war, tossing across the yard, or giving your pup something satisfying to chew on. The Coconut Rope Ring is crafted entirely from tightly braided coconut husk fibers—plastic-free, eco-friendly, and gentle on teeth.</p>
<p data-end=""646"" data-start=""399"">Durable by design, the dense fibers soften slowly as your dog chews, helping keep them engaged without splintering or breaking apart too easily. Best suited for light to moderate chewers who love an interactive toy with natural texture and grip.</p>
<p><!----></p>",Mumbies,Animals & Pet Supplies > Pet Supplies > Dog Supplies > Dog Toys,Chew Toy,"",true,Size,Small,,Bundle,Single Unit,,,,,CRR-SMALL,29.48350405,shopify,deny,manual,10.95,,true,true,,,,,'5065021784167,https://cdn.shopify.com/s/files/1/0771/6913/1816/files/Mumbies_ProductListing_CocoRingVariety-1.jpg?v=1761567120,1,"",false,,,1,,,,,,,,,,,,A NATURAL PLUSH TOY FOR DOGS,,'1,,,,,,adult; senior; junior; puppy,rope; chew; plush,,,,,,,,,small; medium; large,,,coconut,https://cdn.shopify.com/s/files/1/0771/6913/1816/files/Mumbies_ProductListing_CocoRopeRing-Small.jpg?v=1760659021,lb,,3.25,active
coconut-rope-ring,,,,,,,,,Small,,,5-Pack,,,,,CRR-SMALL-5PACK,29.48350405,shopify,deny,manual,52.01,54.75,true,true,,,,,"",https://cdn.shopify.com/s/files/1/0771/6913/1816/files/Mumbies_ProductListing_CocoRingVariety-2.jpg?v=1757451549,2,"",,,,,,,,,,,,,,,,,,,,,,,,,,,,,,,,,,,,,,https://cdn.shopify.com/s/files/1/0771/6913/1816/files/Mumbies_ProductListing_CocoRingVariety-2.jpg?v=1757451549,lb,,16.25,
coconut-rope-ring,,,,,,,,,Medium,,,Single Unit,,,,,CRR-MEDUIM,29.48350405,shopify,deny,manual,13.95,,true,true,,,,,'5065021784174,https://cdn.shopify.com/s/files/1/0771/6913/1816/files/IMG_9685.jpg?v=1757598598,3,"",,,,,,,,,,,,,,,,,,,,,,,,,,,,,,,,,,,,,,https://cdn.shopify.com/s/files/1/0771/6913/1816/files/Mumbies_ProductListing_CocoRopeRing-Medium.jpg?v=1760659039,lb,,3.45,
coconut-rope-ring,,,,,,,,,Medium,,,5-Pack,,,,,CRR-MEDIUM-5PACK,29.48350405,shopify,deny,manual,66.26,69.75,true,true,,,,,"",https://cdn.shopify.com/s/files/1/0771/6913/1816/files/523370361_18146538763392094_3804917816962731929_n.jpg?v=1757598598,4,"",,,,,,,,,,,,,,,,,,,,,,,,,,,,,,,,,,,,,,https://cdn.shopify.com/s/files/1/0771/6913/1816/files/Mumbies_ProductListing_CocoRingVariety-Medium.jpg?v=1757598598,lb,,17.25,
coconut-rope-ring,,,,,,,,,Large,,,Single Unit,,,,,CRR-LARGE,86.1825503,shopify,deny,manual,17.95,,true,true,,,,,'5065021784181,https://cdn.shopify.com/s/files/1/0771/6913/1816/files/image_5.png?v=1757598598,5,"",,,,,,,,,,,,,,,,,,,,,,,,,,,,,,,,,,,,,,https://cdn.shopify.com/s/files/1/0771/6913/1816/files/Mumbies_ProductListing_CocoRopeRing-Large.jpg?v=1760659056,lb,,3.63,
coconut-rope-ring,,,,,,,,,Large,,,5-Pack,,,,,CRR-LARGE-5PACK,29.48350405,shopify,deny,manual,85.26,89.75,true,true,,,,,"",https://cdn.shopify.com/s/files/1/0771/6913/1816/files/Screenshot_2025-09-07_at_11.53.43_PM.png?v=1757598598,6,"",,,,,,,,,,,,,,,,,,,,,,,,,,,,,,,,,,,,,,https://cdn.shopify.com/s/files/1/0771/6913/1816/files/Mumbies_ProductListing_CocoRingVariety-Large_05f4a279-6f3c-4a80-80ae-6a3d71e69e77.jpg?v=1757598598,lb,,18.15,
coconut-rope-ring,,,,,,,,,XL,,,Single Unit,,,,,CRR-XL,136.077711,shopify,deny,manual,19.95,,true,true,,,,,'5065021784198,https://cdn.shopify.com/s/files/1/0771/6913/1816/files/MumbiesCommunity_JulieM_Miko_5.jpg?v=1757598598,7,"",,,,,,,,,,,,,,,,,,,,,,,,,,,,,,,,,,,,,,https://cdn.shopify.com/s/files/1/0771/6913/1816/files/Mumbies_ProductListing_CocoRopeRing-XL.jpg?v=1760659103,lb,,3.81,
coconut-rope-ring,,,,,,,,,XL,,,5-Pack,,,,,CRR-XL-5PACK,29.48350405,shopify,deny,manual,94.76,99.75,true,true,,,,,"",https://cdn.shopify.com/s/files/1/0771/6913/1816/files/Mumbies_ProductListing_CocoRingVariety-Medium.jpg?v=1757598598,8,"",,,,,,,,,,,,,,,,,,,,,,,,,,,,,,,,,,,,,,https://cdn.shopify.com/s/files/1/0771/6913/1816/files/Mumbies_ProductListing_CocoRingVariety-XL.jpg?v=1757598598,lb,,19.05,
coconut-rope-ring,,,,,,,,,XXL,,,Single Unit,,,,,CRR-XXL,181.436948,shopify,deny,manual,23.95,,true,true,,,,,'5065021784204,https://cdn.shopify.com/s/files/1/0771/6913/1816/files/Mumbies_ProductListing_CocoRingVariety-Large_05f4a279-6f3c-4a80-80ae-6a3d71e69e77.jpg?v=1757598598,9,"",,,,,,,,,,,,,,,,,,,,,,,,,,,,,,,,,,,,,,https://cdn.shopify.com/s/files/1/0771/6913/1816/files/Mumbies_ProductListing_CocoRopeRing-XXL.jpg?v=1760659121,lb,,3.96,
coconut-rope-ring,,,,,,,,,XXL,,,5-Pack,,,,,CRR-XXL-5PACK,29.48350405,shopify,deny,manual,113.76,119.75,true,true,,,,,"",https://cdn.shopify.com/s/files/1/0771/6913/1816/files/Mumbies_ProductListing_CocoRingVariety-XL.jpg?v=1757598598,10,"",,,,,,,,,,,,,,,,,,,,,,,,,,,,,,,,,,,,,,https://cdn.shopify.com/s/files/1/0771/6913/1816/files/Mumbies_ProductListing_CocoRingVariety-XXL.jpg?v=1757598598,lb,,19.80,
coconut-rope-ring,,,,,,,,,Variety Pack - All Sizes,,,Variety Pack - All Sizes,,,,,CRR-VARIETY-ALLSIZE,29.48350405,shopify,deny,manual,78.07,86.75,true,true,,,,,"",https://cdn.shopify.com/s/files/1/0771/6913/1816/files/Mumbies_ProductListing_CocoRingVariety-XXL.jpg?v=1757598598,11,"",,,,,,,,,,,,,,,,,,,,,,,,,,,,,,,,,,,,,,https://cdn.shopify.com/s/files/1/0771/6913/1816/files/Mumbies_ProductListing_CocoRingVariety-1.jpg?v=1761567120,lb,,18.10,
coconut-rope-ring,,,,,,,,,,,,,,,,,,,,,,,,,,,,,,,https://cdn.shopify.com/s/files/1/0771/6913/1816/files/Mumbies_ProductListing_CocoRopeRing-Small.jpg?v=1760659021,12,"",,,,,,,,,,,,,,,,,,,,,,,,,,,,,,,,,,,,,,,,,,
coconut-rope-ring,,,,,,,,,,,,,,,,,,,,,,,,,,,,,,,https://cdn.shopify.com/s/files/1/0771/6913/1816/files/Mumbies_ProductListing_CocoRopeRing-Medium.jpg?v=1760659039,13,"",,,,,,,,,,,,,,,,,,,,,,,,,,,,,,,,,,,,,,,,,,
coconut-rope-ring,,,,,,,,,,,,,,,,,,,,,,,,,,,,,,,https://cdn.shopify.com/s/files/1/0771/6913/1816/files/Mumbies_ProductListing_CocoRopeRing-Large.jpg?v=1760659056,14,"",,,,,,,,,,,,,,,,,,,,,,,,,,,,,,,,,,,,,,,,,,
coconut-rope-ring,,,,,,,,,,,,,,,,,,,,,,,,,,,,,,,https://cdn.shopify.com/s/files/1/0771/6913/1816/files/Mumbies_ProductListing_CocoRopeRing-XL.jpg?v=1760659103,15,"",,,,,,,,,,,,,,,,,,,,,,,,,,,,,,,,,,,,,,,,,,
coconut-rope-ring,,,,,,,,,,,,,,,,,,,,,,,,,,,,,,,https://cdn.shopify.com/s/files/1/0771/6913/1816/files/Mumbies_ProductListing_CocoRopeRing-XXL.jpg?v=1760659121,16,"",,,,,,,,,,,,,,,,,,,,,,,,,,,,,,,,,,,,,,,,,,
coconut-rope-tug,Coconut Rope Tug,"<p data-end=""412"" data-start=""168"">Built for tug-of-war champions, the Coconut Rope Tug gives dogs a natural way to pull, play, and chew. Made from tightly braided coconut husk fibers, it’s completely plastic-free, eco-friendly, and designed with both fun and function in mind.</p>
<p data-end=""637"" data-start=""414"">The long, durable shape makes it easy for you and your pup to grab opposite ends, while the dense fibers soften gradually as they chew. Perfect for interactive play and solo gnawing alike, without the risk of splintering.</p>
<p data-end=""745"" data-start=""639"">Best for light to moderate chewers. Not recommended for heavy chewers who may break it down too quickly.</p>
<p><!----></p>",Mumbies,Animals & Pet Supplies > Pet Supplies > Dog Supplies > Dog Toys,Chew Toy,"",true,Size,Small,,Bundle,Single Unit,,,,,CRT-SMALL,29.48350405,shopify,deny,manual,9.95,,true,true,,,,,'5065021784211,https://cdn.shopify.com/s/files/1/0771/6913/1816/files/Mumbies_ProductListing_TugVarietyPack-1.jpg?v=1761567120,1,"",false,,,1,,,,,,,,,,,,A NATURAL PLUSH TOY FOR DOGS,,'5,,,,,,adult; senior; junior; puppy,rope; chew; plush,,,,,,,,,small; medium; large,,,coconut,https://cdn.shopify.com/s/files/1/0771/6913/1816/files/Mumbies_ProductListing_CocoRopeTug-Small.jpg?v=1760660179,lb,,0.98,active
coconut-rope-tug,,,,,,,,,Small,,,5-Pack,,,,,CRT-SMALL-5PACK,29.48350405,shopify,deny,manual,47.26,49.75,true,true,,,,,"",https://cdn.shopify.com/s/files/1/0771/6913/1816/files/MumbiesCommunity_JulieM_Miko_5_01670b68-e70e-4908-8c83-15c129205568.jpg?v=1757468756,2,"",,,,,,,,,,,,,,,,,,,,,,,,,,,,,,,,,,,,,,https://cdn.shopify.com/s/files/1/0771/6913/1816/files/Mumbies_ProductListing_TugVarietyPack-1.jpg?v=1761567120,lb,,4.90,
coconut-rope-tug,,,,,,,,,Medium,,,Single Unit,,,,,CRT-MEDIUM,29.48350405,shopify,deny,manual,12.95,,true,true,,,,,'5065021784228,https://cdn.shopify.com/s/files/1/0771/6913/1816/files/Mumbies_ProductListing_CocoRopeTug-Small.jpg?v=1760660179,3,"",,,,,,,,,,,,,,,,,,,,,,,,,,,,,,,,,,,,,,https://cdn.shopify.com/s/files/1/0771/6913/1816/files/Mumbies_ProductListing_CocoRopeTug-Medium.jpg?v=1760660195,lb,,1.03,
coconut-rope-tug,,,,,,,,,Medium,,,5-Pack,,,,,CRT-MEDIUM-5PACK,29.48350405,shopify,deny,manual,61.51,64.75,true,true,,,,,"",https://cdn.shopify.com/s/files/1/0771/6913/1816/files/Mumbies_ProductListing_CocoRopeTug-Medium.jpg?v=1760660195,4,"",,,,,,,,,,,,,,,,,,,,,,,,,,,,,,,,,,,,,,https://cdn.shopify.com/s/files/1/0771/6913/1816/files/Mumbies_ProductListing_TugVarietyPack-1.jpg?v=1761567120,lb,,5.15,
coconut-rope-tug,,,,,,,,,Large,,,Single Unit,,,,,CRT-LARGE,86.1825503,shopify,deny,manual,15.95,,true,true,,,,,'5065021784235,https://cdn.shopify.com/s/files/1/0771/6913/1816/files/Mumbies_ProductListing_CocoRopeTug-Large.jpg?v=1760660212,5,"",,,,,,,,,,,,,,,,,,,,,,,,,,,,,,,,,,,,,,https://cdn.shopify.com/s/files/1/0771/6913/1816/files/Mumbies_ProductListing_CocoRopeTug-Large.jpg?v=1760660212,lb,,1.11,
coconut-rope-tug,,,,,,,,,Large,,,5-Pack,,,,,CRT-LARGE-5PACK,29.48350405,shopify,deny,manual,75.75,79.75,true,true,,,,,"",https://cdn.shopify.com/s/files/1/0771/6913/1816/files/Mumbies_ProductListing_CocoRopeTug-XL.jpg?v=1760660239,6,"",,,,,,,,,,,,,,,,,,,,,,,,,,,,,,,,,,,,,,https://cdn.shopify.com/s/files/1/0771/6913/1816/files/Mumbies_ProductListing_TugVarietyPack-1.jpg?v=1761567120,lb,,5.55,
coconut-rope-tug,,,,,,,,,XL,,,Single Unit,,,,,CRT-XL,136.077711,shopify,deny,manual,18.95,,true,true,,,,,'5065021784242,https://cdn.shopify.com/s/files/1/0771/6913/1816/files/Mumbies_ProductListing_CocoRopeTug-XXL.jpg?v=1760660257,7,"",,,,,,,,,,,,,,,,,,,,,,,,,,,,,,,,,,,,,,https://cdn.shopify.com/s/files/1/0771/6913/1816/files/Mumbies_ProductListing_CocoRopeTug-XL.jpg?v=1760660239,lb,,1.28,
coconut-rope-tug,,,,,,,,,XL,,,5-Pack,,,,,CRT-XL-5PACK,29.48350405,shopify,deny,manual,90.01,94.75,true,true,,,,,"",,,,,,,,,,,,,,,,,,,,,,,,,,,,,,,,,,,,,,,,,https://cdn.shopify.com/s/files/1/0771/6913/1816/files/Mumbies_ProductListing_TugVarietyPack-1.jpg?v=1761567120,lb,,6.40,
coconut-rope-tug,,,,,,,,,XXL,,,Single Unit,,,,,CRT-XXL,181.436948,shopify,deny,manual,22.95,,true,true,,,,,'5065021784259,,,,,,,,,,,,,,,,,,,,,,,,,,,,,,,,,,,,,,,,,https://cdn.shopify.com/s/files/1/0771/6913/1816/files/Mumbies_ProductListing_CocoRopeTug-XXL.jpg?v=1760660257,lb,,1.61,
coconut-rope-tug,,,,,,,,,XXL,,,5-Pack,,,,,CRT-XXL-5PACK,29.48350405,shopify,deny,manual,109.01,114.75,true,true,,,,,"",,,,,,,,,,,,,,,,,,,,,,,,,,,,,,,,,,,,,,,,,https://cdn.shopify.com/s/files/1/0771/6913/1816/files/Mumbies_ProductListing_TugVarietyPack-1.jpg?v=1761567120,lb,,8.05,
coconut-rope-tug,,,,,,,,,Variety Pack - All Sizes,,,All Size Variety Pack,,,,,CRT-VARIETY-ALLSIZE,29.48350405,shopify,deny,manual,72.67,80.75,true,true,,,,,"",,,,,,,,,,,,,,,,,,,,,,,,,,,,,,,,,,,,,,,,,https://cdn.shopify.com/s/files/1/0771/6913/1816/files/Mumbies_ProductListing_TugVarietyPack-1.jpg?v=1761567120,lb,,0.98,
variety-packs-copy,Mumbies Welcome Box,"<p>Not sure what size is best? Have a pack of pups? Giving Mumbies as a gift? Save up to 10% more when you buy a Variety Pack. Each bundle contains one of each of the following sizes:</p>
<h5><strong>MUMBIES WELCOME BOX (includes...)</strong></h5>
<ul>
<li>Original Chews - XS, <meta charset=""utf-8"">S, M, L, XL, XXL</li>
<li>Root Chews - S, M, L, XL, XXL</li>
<li>Rope w/ Original Chew - S, M, L, XL, XXL</li>
<li>Rope w/ Root Chew - S, M, L, XL, XXL</li>
<li>Coconut Rope Ball - <meta charset=""utf-8"">S, M, L, XL, XXL</li>
<li>Coconut Rope Ring - <meta charset=""utf-8"">S, M, L, XL, XXL</li>
<li>Coconut Rope Tug - <meta charset=""utf-8"">S, M, L, XL, XXL</li>
<li>Yummies Bison Liver - 1 Bag</li>
<li>Dog Love Sticker (1)</li>
<li>Mumbies Tote (1)</li>
<li>Mumbies Crewneck t-shirt (1 of chosen size)</li>
<li>Mumbies Snapback hat (1)</li>
</ul>",Mumbies,Animals & Pet Supplies > Pet Supplies > Dog Supplies > Dog Toys,Chew Toy,"",true,Title,Default Title,,,,,,,,VARIETY-WELCOME-1,4989.51607,shopify,deny,manual,556.94,696.18,true,true,,,,,,https://cdn.shopify.com/s/files/1/0771/6913/1816/files/Mumbies_ProductListing-WelcomeBox.webp?v=1761567120,1,"",false,,"Not sure what size is best? Giving Mumbies as a gift? Choose the variety pack and receive one of each size to test out. Made from non-toxic coffee tree wood, these chews are dense and break down slowly. They allow your dog to feed that desire to chew on sticks with minimal concern.",,unisex,adult,,new,,,,,,,,TRY A VARIETY OF MUMBIES PRODUCTS,,'10,,,,,,adult; junior; senior,chew; rope,,,,,,,,,small; medium; large,,,wood; coconut,,lb,,12.00,active
variety-packs-copy,,,,,,,,,,,,,,,,,,,,,,,,,,,,,,,https://cdn.shopify.com/s/files/1/0771/6913/1816/files/Mumbies_ProductListing_Variety-Welcome_Box.jpg?v=1761567120,2,"",,,,,,,,,,,,,,,,,,,,,,,,,,,,,,,,,,,,,,,,,,
variety-packs-copy,,,,,,,,,,,,,,,,,,,,,,,,,,,,,,,https://cdn.shopify.com/s/files/1/0771/6913/1816/files/DSC_1923.jpg?v=1761567120,3,"",,,,,,,,,,,,,,,,,,,,,,,,,,,,,,,,,,,,,,,,,,
variety-packs-copy,,,,,,,,,,,,,,,,,,,,,,,,,,,,,,,https://cdn.shopify.com/s/files/1/0771/6913/1816/files/Mumbies_products-17.jpg?v=1761567120,4,"",,,,,,,,,,,,,,,,,,,,,,,,,,,,,,,,,,,,,,,,,,
variety-packs-copy,,,,,,,,,,,,,,,,,,,,,,,,,,,,,,,https://cdn.shopify.com/s/files/1/0771/6913/1816/files/437723955_1836789076744262_7141804566407520696_n.jpg?v=1761567120,5,"",,,,,,,,,,,,,,,,,,,,,,,,,,,,,,,,,,,,,,,,,,
variety-packs-copy,,,,,,,,,,,,,,,,,,,,,,,,,,,,,,,https://cdn.shopify.com/s/files/1/0771/6913/1816/files/DSC_1959.jpg?v=1761567120,6,"",,,,,,,,,,,,,,,,,,,,,,,,,,,,,,,,,,,,,,,,,,
variety-packs-copy,,,,,,,,,,,,,,,,,,,,,,,,,,,,,,,https://cdn.shopify.com/s/files/1/0771/6913/1816/files/Mumbies_Variety-Root-7.jpg?v=1761567120,7,"",,,,,,,,,,,,,,,,,,,,,,,,,,,,,,,,,,,,,,,,,,
variety-packs-copy,,,,,,,,,,,,,,,,,,,,,,,,,,,,,,,https://cdn.shopify.com/s/files/1/0771/6913/1816/files/Mumbies_ProductListing_Variety-RopeWithChew.jpg?v=1761577237,8,"",,,,,,,,,,,,,,,,,,,,,,,,,,,,,,,,,,,,,,,,,,
variety-packs-copy,,,,,,,,,,,,,,,,,,,,,,,,,,,,,,,https://cdn.shopify.com/s/files/1/0771/6913/1816/files/Mumbies_ProductListing_Variety-RopeWithRoot_e442d321-9403-43c4-b070-f8aa63f5b3f7.jpg?v=1761577237,9,"",,,,,,,,,,,,,,,,,,,,,,,,,,,,,,,,,,,,,,,,,,
variety-packs-copy,,,,,,,,,,,,,,,,,,,,,,,,,,,,,,,https://cdn.shopify.com/s/files/1/0771/6913/1816/files/Mumbies_ProductListing_CocoRingVariety-1.jpg?v=1761567120,10,"",,,,,,,,,,,,,,,,,,,,,,,,,,,,,,,,,,,,,,,,,,
variety-packs-copy,,,,,,,,,,,,,,,,,,,,,,,,,,,,,,,https://cdn.shopify.com/s/files/1/0771/6913/1816/files/Mumbies_ProductListing_TugVarietyPack-1.jpg?v=1761567120,11,"",,,,,,,,,,,,,,,,,,,,,,,,,,,,,,,,,,,,,,,,,,
variety-packs-copy,,,,,,,,,,,,,,,,,,,,,,,,,,,,,,,https://cdn.shopify.com/s/files/1/0771/6913/1816/files/studioproductshoot2-13.png?v=1761567120,12,"",,,,,,,,,,,,,,,,,,,,,,,,,,,,,,,,,,,,,,,,,,
